Date,open,high,low,close,adj close,volume,dividends,stock splits
2023-04-06 00:00:00-04:00,283.2099914550781,292.0799865722656,282.0299987792969,291.6000061035156,284.8541259765625,29770300,0.0,0.0
2023-04-10 00:00:00-04:00,289.2099914550781,289.6000061035156,284.7099914550781,289.3900146484375,282.6952209472656,23103000,0.0,0.0
2023-04-11 00:00:00-04:00,285.75,285.9800109863281,281.6400146484375,282.8299865722656,276.2869567871094,27276600,0.0,0.0
2023-04-12 00:00:00-04:00,284.7900085449219,287.010009765625,281.9599914550781,283.489990234375,276.9317321777344,27403400,0.0,0.0
2023-04-13 00:00:00-04:00,283.5899963378906,289.8999938964844,283.1700134277344,289.8399963378906,283.134765625,24222700,0.0,0.0
2023-04-14 00:00:00-04:00,287.0,288.4800109863281,283.69000244140625,286.1400146484375,279.5204772949219,20987900,0.0,0.0
2023-04-17 00:00:00-04:00,289.92999267578125,291.6000061035156,286.1600036621094,288.79998779296875,282.1188659667969,23836200,0.0,0.0
2023-04-18 00:00:00-04:00,291.57000732421875,291.760009765625,287.010009765625,288.3699951171875,281.6988220214844,20161800,0.0,0.0
2023-04-19 00:00:00-04:00,285.989990234375,289.04998779296875,284.5400085449219,288.45001220703125,281.77703857421875,17150300,0.0,0.0
2023-04-20 00:00:00-04:00,285.25,289.0299987792969,285.0799865722656,286.1099853515625,279.4910888671875,23244400,0.0,0.0
2023-04-21 00:00:00-04:00,285.010009765625,286.2699890136719,283.05999755859375,285.760009765625,279.14923095703125,21676400,0.0,0.0
2023-04-24 00:00:00-04:00,282.0899963378906,284.95001220703125,278.7200012207031,281.7699890136719,275.25146484375,26611000,0.0,0.0
2023-04-25 00:00:00-04:00,279.510009765625,281.6000061035156,275.3699951171875,275.4200134277344,269.0484313964844,45772200,0.0,0.0
2023-04-26 00:00:00-04:00,296.70001220703125,299.57000732421875,292.7300109863281,295.3699951171875,288.5368347167969,64599200,0.0,0.0
2023-04-27 00:00:00-04:00,295.9700012207031,305.20001220703125,295.25,304.8299865722656,297.7780456542969,46462600,0.0,0.0
2023-04-28 00:00:00-04:00,304.010009765625,308.92999267578125,303.30999755859375,307.260009765625,300.15185546875,36469600,0.0,0.0
2023-05-01 00:00:00-04:00,306.9700012207031,308.6000061035156,305.1499938964844,305.55999755859375,298.49114990234375,21294100,0.0,0.0
2023-05-02 00:00:00-04:00,307.760009765625,309.17999267578125,303.9100036621094,305.4100036621094,298.3446044921875,26404400,0.0,0.0
2023-05-03 00:00:00-04:00,306.6199951171875,308.6099853515625,304.0899963378906,304.3999938964844,297.3580017089844,22360800,0.0,0.0
2023-05-04 00:00:00-04:00,306.239990234375,307.760009765625,303.3999938964844,305.4100036621094,298.3446044921875,22519900,0.0,0.0
2023-05-05 00:00:00-04:00,305.7200012207031,311.9700012207031,304.2699890136719,310.6499938964844,303.4634094238281,28197100,0.0,0.0
2023-05-08 00:00:00-04:00,310.1300048828125,310.20001220703125,306.0899963378906,308.6499938964844,301.5096435546875,21318600,0.0,0.0
2023-05-09 00:00:00-04:00,308.0,310.0400085449219,306.30999755859375,307.0,299.8977966308594,21340800,0.0,0.0
2023-05-10 00:00:00-04:00,308.6199951171875,313.0,307.6700134277344,312.30999755859375,305.0849609375,30078000,0.0,0.0
2023-05-11 00:00:00-04:00,310.1000061035156,311.1199951171875,306.260009765625,310.1099853515625,302.9358215332031,31680200,0.0,0.0
2023-05-12 00:00:00-04:00,310.54998779296875,310.6499938964844,306.6000061035156,308.9700012207031,301.8222351074219,19774700,0.0,0.0
2023-05-15 00:00:00-04:00,309.1000061035156,309.8999938964844,307.5899963378906,309.4599914550781,302.3009338378906,16336500,0.0,0.0
2023-05-16 00:00:00-04:00,309.8299865722656,313.7099914550781,309.8299865722656,311.739990234375,304.5281677246094,26730300,0.0,0.0
2023-05-17 00:00:00-04:00,312.2900085449219,314.42999267578125,310.739990234375,314.0,307.40643310546875,24315000,0.68,0.0
2023-05-18 00:00:00-04:00,314.5299987792969,319.0400085449219,313.7200012207031,318.5199890136719,311.8315124511719,27276000,0.0,0.0
2023-05-19 00:00:00-04:00,316.739990234375,318.75,316.3699951171875,318.3399963378906,311.6553039550781,27546700,0.0,0.0
2023-05-22 00:00:00-04:00,318.6000061035156,322.5899963378906,318.010009765625,321.17999267578125,314.4356384277344,24115700,0.0,0.0
2023-05-23 00:00:00-04:00,320.0299987792969,322.7200012207031,315.25,315.260009765625,308.6399841308594,30797200,0.0,0.0
2023-05-24 00:00:00-04:00,314.7300109863281,316.5,312.6099853515625,313.8500061035156,307.25958251953125,23384900,0.0,0.0
2023-05-25 00:00:00-04:00,323.239990234375,326.8999938964844,320.0,325.9200134277344,319.076171875,43301700,0.0,0.0
2023-05-26 00:00:00-04:00,324.0199890136719,333.3999938964844,323.8800048828125,332.8900146484375,325.8997802734375,36630600,0.0,0.0
2023-05-30 00:00:00-04:00,335.2300109863281,335.739990234375,330.5199890136719,331.2099914550781,324.2550964355469,29503100,0.0,0.0
2023-05-31 00:00:00-04:00,332.2900085449219,335.94000244140625,327.3299865722656,328.3900146484375,321.4942626953125,45950600,0.0,0.0
2023-06-01 00:00:00-04:00,325.92999267578125,333.5299987792969,324.7200012207031,332.5799865722656,325.5963134765625,26773900,0.0,0.0
2023-06-02 00:00:00-04:00,334.25,337.5,332.54998779296875,335.3999938964844,328.3570861816406,25873800,0.0,0.0
2023-06-05 00:00:00-04:00,335.2200012207031,338.55999755859375,334.6600036621094,335.94000244140625,328.8857116699219,21307100,0.0,0.0
2023-06-06 00:00:00-04:00,335.3299865722656,335.3699951171875,332.1700134277344,333.67999267578125,326.6731872558594,20396200,0.0,0.0
2023-06-07 00:00:00-04:00,331.6499938964844,334.489990234375,322.5,323.3800048828125,316.5895080566406,40717100,0.0,0.0
2023-06-08 00:00:00-04:00,323.94000244140625,326.6400146484375,323.3500061035156,325.260009765625,318.4300231933594,23277700,0.0,0.0
2023-06-09 00:00:00-04:00,324.989990234375,329.989990234375,324.4100036621094,326.7900085449219,319.9278564453125,22529000,0.0,0.0
2023-06-12 00:00:00-04:00,328.5799865722656,332.1000061035156,325.1600036621094,331.8500061035156,324.8816223144531,24260300,0.0,0.0
2023-06-13 00:00:00-04:00,334.4700012207031,336.9800109863281,330.3900146484375,334.2900085449219,327.2703552246094,22951300,0.0,0.0
2023-06-14 00:00:00-04:00,334.3399963378906,339.0400085449219,332.80999755859375,337.3399963378906,330.25628662109375,26003800,0.0,0.0
2023-06-15 00:00:00-04:00,337.4800109863281,349.8399963378906,337.20001220703125,348.1000061035156,340.7903747558594,38899100,0.0,0.0
2023-06-16 00:00:00-04:00,351.32000732421875,351.4700012207031,341.95001220703125,342.3299865722656,335.1415100097656,46552000,0.0,0.0
2023-06-20 00:00:00-04:00,339.30999755859375,342.0799865722656,335.8599853515625,338.04998779296875,330.951416015625,26375400,0.0,0.0
2023-06-21 00:00:00-04:00,336.3699951171875,337.7300109863281,332.07000732421875,333.55999755859375,326.55572509765625,25117800,0.0,0.0
2023-06-22 00:00:00-04:00,334.1199951171875,340.1199951171875,333.3399963378906,339.7099914550781,332.5765075683594,23556800,0.0,0.0
2023-06-23 00:00:00-04:00,334.3599853515625,337.9599914550781,333.45001220703125,335.0199890136719,327.985107421875,23146900,0.0,0.0
2023-06-26 00:00:00-04:00,333.7200012207031,336.1099853515625,328.489990234375,328.6000061035156,321.6998596191406,21520600,0.0,0.0
2023-06-27 00:00:00-04:00,331.8599853515625,336.1499938964844,329.29998779296875,334.57000732421875,327.5445251464844,24354100,0.0,0.0
2023-06-28 00:00:00-04:00,334.6600036621094,337.9800109863281,333.80999755859375,335.8500061035156,328.79766845703125,20259500,0.0,0.0
2023-06-29 00:00:00-04:00,334.7099914550781,336.1099853515625,332.6199951171875,335.04998779296875,328.0144348144531,16997000,0.0,0.0
2023-06-30 00:00:00-04:00,337.75,342.7300109863281,337.20001220703125,340.5400085449219,333.3891296386719,26832800,0.0,0.0
2023-07-03 00:00:00-04:00,339.19000244140625,340.8999938964844,336.57000732421875,337.989990234375,330.8926696777344,12508700,0.0,0.0
2023-07-05 00:00:00-04:00,335.0899963378906,341.6499938964844,334.7300109863281,338.1499938964844,331.0493469238281,18172400,0.0,0.0
2023-07-06 00:00:00-04:00,337.29998779296875,342.989990234375,335.5,341.2699890136719,334.1037902832031,28161200,0.0,0.0
2023-07-07 00:00:00-04:00,339.32000732421875,341.7900085449219,337.0,337.2200012207031,330.1388244628906,21214800,0.0,0.0
2023-07-10 00:00:00-04:00,334.6000061035156,335.2300109863281,327.5899963378906,331.8299865722656,324.86199951171875,32791400,0.0,0.0
2023-07-11 00:00:00-04:00,331.05999755859375,332.8599853515625,327.0,332.4700012207031,325.48858642578125,26698200,0.0,0.0
2023-07-12 00:00:00-04:00,336.6000061035156,341.6499938964844,335.6700134277344,337.20001220703125,330.1192932128906,29995300,0.0,0.0
2023-07-13 00:00:00-04:00,339.55999755859375,343.739990234375,339.0199890136719,342.6600036621094,335.46466064453125,20567200,0.0,0.0
2023-07-14 00:00:00-04:00,347.5899963378906,351.42999267578125,344.30999755859375,345.239990234375,337.99041748046875,28352700,0.0,0.0
2023-07-17 00:00:00-04:00,345.67999267578125,346.989990234375,342.20001220703125,345.7300109863281,338.47015380859375,20363900,0.0,0.0
2023-07-18 00:00:00-04:00,345.8299865722656,366.7799987792969,342.1700134277344,359.489990234375,351.94122314453125,64738600,0.0,0.0
2023-07-19 00:00:00-04:00,361.75,362.4599914550781,352.44000244140625,355.0799865722656,347.623779296875,39732900,0.0,0.0
2023-07-20 00:00:00-04:00,353.57000732421875,357.9700012207031,345.3699951171875,346.8699951171875,339.58624267578125,33778400,0.0,0.0
2023-07-21 00:00:00-04:00,349.1499938964844,350.29998779296875,339.8299865722656,343.7699890136719,336.55133056640625,69405400,0.0,0.0
2023-07-24 00:00:00-04:00,345.8500061035156,346.9200134277344,342.30999755859375,345.1099853515625,337.8631591796875,26678100,0.0,0.0
2023-07-25 00:00:00-04:00,347.1099853515625,351.8900146484375,345.07000732421875,350.9800109863281,343.6098937988281,41637700,0.0,0.0
2023-07-26 00:00:00-04:00,341.44000244140625,344.6700134277344,333.1099853515625,337.7699890136719,330.67724609375,58383700,0.0,0.0
2023-07-27 00:00:00-04:00,340.4800109863281,341.3299865722656,329.04998779296875,330.7200012207031,323.7752990722656,39635300,0.0,0.0
2023-07-28 00:00:00-04:00,333.6700134277344,340.010009765625,333.1700134277344,338.3699951171875,331.2646789550781,28484900,0.0,0.0
2023-07-31 00:00:00-04:00,336.9200134277344,337.70001220703125,333.3599853515625,335.9200134277344,328.8661804199219,25446000,0.0,0.0
2023-08-01 00:00:00-04:00,335.19000244140625,338.5400085449219,333.70001220703125,336.3399963378906,329.27734375,18311900,0.0,0.0
2023-08-02 00:00:00-04:00,333.6300048828125,333.6300048828125,326.3599853515625,327.5,320.62298583984375,27761300,0.0,0.0
2023-08-03 00:00:00-04:00,326.0,329.8800048828125,325.95001220703125,326.6600036621094,319.80059814453125,18253700,0.0,0.0
2023-08-04 00:00:00-04:00,331.8800048828125,335.1400146484375,327.239990234375,327.7799987792969,320.8970947265625,23741500,0.0,0.0
2023-08-07 00:00:00-04:00,328.3699951171875,331.1099853515625,327.5199890136719,330.1099853515625,323.17816162109375,17741500,0.0,0.0
2023-08-08 00:00:00-04:00,326.9599914550781,328.75,323.0,326.04998779296875,319.203369140625,22327600,0.0,0.0
2023-08-09 00:00:00-04:00,326.4700012207031,327.1099853515625,321.04998779296875,322.2300109863281,315.463623046875,22373300,0.0,0.0
2023-08-10 00:00:00-04:00,326.0199890136719,328.260009765625,321.17999267578125,322.92999267578125,316.1488952636719,20113700,0.0,0.0
2023-08-11 00:00:00-04:00,320.260009765625,322.4100036621094,319.2099914550781,321.010009765625,314.26922607421875,24355500,0.0,0.0
2023-08-14 00:00:00-04:00,321.3900146484375,324.05999755859375,320.0799865722656,324.0400085449219,317.235595703125,18836100,0.0,0.0
2023-08-15 00:00:00-04:00,323.0,325.0899963378906,320.8999938964844,321.8599853515625,315.10137939453125,16966300,0.0,0.0
2023-08-16 00:00:00-04:00,320.79998779296875,324.4200134277344,319.79998779296875,320.3999938964844,314.3361511230469,20698900,0.68,0.0
2023-08-17 00:00:00-04:00,320.5400085449219,321.8699951171875,316.2099914550781,316.8800048828125,310.88275146484375,21257200,0.0,0.0
2023-08-18 00:00:00-04:00,314.489990234375,318.3800048828125,311.54998779296875,316.4800109863281,310.4903259277344,24755000,0.0,0.0
2023-08-21 00:00:00-04:00,317.92999267578125,322.7699890136719,317.0400085449219,321.8800048828125,315.7881774902344,24040000,0.0,0.0
2023-08-22 00:00:00-04:00,325.5,326.0799865722656,321.4599914550781,322.4599914550781,316.35711669921875,16084600,0.0,0.0
2023-08-23 00:00:00-04:00,323.82000732421875,329.20001220703125,323.4599914550781,327.0,320.81121826171875,21166400,0.0,0.0
2023-08-24 00:00:00-04:00,332.8500061035156,332.9800109863281,319.9599914550781,319.9700012207031,313.9143371582031,23281400,0.0,0.0
2023-08-25 00:00:00-04:00,321.4700012207031,325.3599853515625,318.79998779296875,322.9800109863281,316.86737060546875,21684100,0.0,0.0
2023-08-28 00:00:00-04:00,325.6600036621094,326.1499938964844,321.7200012207031,323.70001220703125,317.57366943359375,14808500,0.0,0.0
2023-08-29 00:00:00-04:00,321.8800048828125,328.9800109863281,321.8800048828125,328.4100036621094,322.1945495605469,19284600,0.0,0.0
2023-08-30 00:00:00-04:00,328.6700134277344,329.80999755859375,326.45001220703125,328.7900085449219,322.5673522949219,15222100,0.0,0.0
2023-08-31 00:00:00-04:00,329.20001220703125,330.9100036621094,326.7799987792969,327.760009765625,321.556884765625,26411000,0.0,0.0
2023-09-01 00:00:00-04:00,331.30999755859375,331.989990234375,326.7799987792969,328.6600036621094,322.4398193359375,14942000,0.0,0.0
2023-09-05 00:00:00-04:00,329.0,334.8500061035156,328.6600036621094,333.54998779296875,327.2372741699219,18553900,0.0,0.0
2023-09-06 00:00:00-04:00,333.3800048828125,334.4599914550781,330.17999267578125,332.8800048828125,326.5799560546875,17535800,0.0,0.0
2023-09-07 00:00:00-04:00,331.2900085449219,333.0799865722656,329.0299987792969,329.9100036621094,323.6661682128906,18381000,0.0,0.0
2023-09-08 00:00:00-04:00,330.0899963378906,336.1600036621094,329.4599914550781,334.2699890136719,327.943603515625,19530100,0.0,0.0
2023-09-11 00:00:00-04:00,337.239990234375,338.4200134277344,335.42999267578125,337.94000244140625,331.5442199707031,16583300,0.0,0.0
2023-09-12 00:00:00-04:00,335.82000732421875,336.7900085449219,331.4800109863281,331.7699890136719,325.4909362792969,17565500,0.0,0.0
2023-09-13 00:00:00-04:00,331.30999755859375,336.8500061035156,331.1700134277344,336.05999755859375,329.69976806640625,16544400,0.0,0.0
2023-09-14 00:00:00-04:00,339.1499938964844,340.8599853515625,336.57000732421875,338.70001220703125,332.289794921875,20267000,0.0,0.0
2023-09-15 00:00:00-04:00,336.9200134277344,337.3999938964844,329.6499938964844,330.2200012207031,323.9703063964844,37679800,0.0,0.0
2023-09-18 00:00:00-04:00,327.79998779296875,330.3999938964844,326.3599853515625,329.05999755859375,322.832275390625,16834200,0.0,0.0
2023-09-19 00:00:00-04:00,326.1700134277344,329.3900146484375,324.510009765625,328.6499938964844,322.4300231933594,16505900,0.0,0.0
2023-09-20 00:00:00-04:00,329.510009765625,329.5899963378906,320.510009765625,320.7699890136719,314.6991271972656,21436500,0.0,0.0
2023-09-21 00:00:00-04:00,319.260009765625,325.3500061035156,315.0,319.5299987792969,313.4826354980469,35560400,0.0,0.0
2023-09-22 00:00:00-04:00,321.32000732421875,321.45001220703125,316.1499938964844,317.010009765625,311.0102844238281,21447900,0.0,0.0
2023-09-25 00:00:00-04:00,316.5899963378906,317.6700134277344,315.0,317.5400085449219,311.5303039550781,17836000,0.0,0.0
2023-09-26 00:00:00-04:00,315.1300048828125,315.8800048828125,310.0199890136719,312.1400146484375,306.23248291015625,26297600,0.0,0.0
2023-09-27 00:00:00-04:00,312.29998779296875,314.29998779296875,309.69000244140625,312.7900085449219,306.87017822265625,19410100,0.0,0.0
2023-09-28 00:00:00-04:00,310.989990234375,315.4800109863281,309.45001220703125,313.6400146484375,307.7041015625,19683600,0.0,0.0
2023-09-29 00:00:00-04:00,317.75,319.4700012207031,314.9800109863281,315.75,309.774169921875,24147300,0.0,0.0
2023-10-02 00:00:00-04:00,316.2799987792969,321.8900146484375,315.17999267578125,321.79998779296875,315.7096862792969,20570000,0.0,0.0
2023-10-03 00:00:00-04:00,320.8299865722656,321.3900146484375,311.2099914550781,313.3900146484375,307.4588317871094,21033500,0.0,0.0
2023-10-04 00:00:00-04:00,314.0299987792969,320.0400085449219,314.0,318.9599914550781,312.9233703613281,20720100,0.0,0.0
2023-10-05 00:00:00-04:00,319.0899963378906,319.9800109863281,314.8999938964844,319.3599853515625,313.3158264160156,16965600,0.0,0.0
2023-10-06 00:00:00-04:00,316.54998779296875,329.19000244140625,316.29998779296875,327.260009765625,321.0663146972656,25673600,0.0,0.0
2023-10-09 00:00:00-04:00,324.75,330.29998779296875,323.17999267578125,329.82000732421875,323.5778503417969,19891200,0.0,0.0
2023-10-10 00:00:00-04:00,330.9599914550781,331.1000061035156,327.6700134277344,328.3900146484375,322.1749267578125,20557100,0.0,0.0
2023-10-11 00:00:00-04:00,331.2099914550781,332.82000732421875,329.1400146484375,332.4200134277344,326.128662109375,20063200,0.0,0.0
2023-10-12 00:00:00-04:00,330.57000732421875,333.6300048828125,328.7200012207031,331.1600036621094,324.8924865722656,19313100,0.0,0.0
2023-10-13 00:00:00-04:00,332.3800048828125,333.8299865722656,326.3599853515625,327.7300109863281,321.5274353027344,21072400,0.0,0.0
2023-10-16 00:00:00-04:00,331.04998779296875,336.1400146484375,330.6000061035156,332.6400146484375,326.3445739746094,22158000,0.0,0.0
2023-10-17 00:00:00-04:00,329.5899963378906,333.4599914550781,327.4100036621094,332.05999755859375,325.7754821777344,18338500,0.0,0.0
2023-10-18 00:00:00-04:00,332.489990234375,335.5899963378906,328.29998779296875,330.1099853515625,323.8623352050781,23153600,0.0,0.0
2023-10-19 00:00:00-04:00,332.1499938964844,336.8800048828125,330.9100036621094,331.32000732421875,325.04949951171875,25052100,0.0,0.0
2023-10-20 00:00:00-04:00,331.7200012207031,331.9200134277344,325.45001220703125,326.6700134277344,320.487548828125,25027700,0.0,0.0
2023-10-23 00:00:00-04:00,325.4700012207031,332.7300109863281,324.3900146484375,329.32000732421875,323.08740234375,24374700,0.0,0.0
2023-10-24 00:00:00-04:00,331.29998779296875,331.8399963378906,327.6000061035156,330.5299987792969,324.2744445800781,31153600,0.0,0.0
2023-10-25 00:00:00-04:00,345.0199890136719,346.20001220703125,337.6199951171875,340.6700134277344,334.2225646972656,55053800,0.0,0.0
2023-10-26 00:00:00-04:00,340.5400085449219,341.6300048828125,326.94000244140625,327.8900146484375,321.68438720703125,37828500,0.0,0.0
2023-10-27 00:00:00-04:00,330.42999267578125,336.7200012207031,328.3999938964844,329.80999755859375,323.5680847167969,29856500,0.0,0.0
2023-10-30 00:00:00-04:00,333.4100036621094,339.45001220703125,331.8299865722656,337.30999755859375,330.9261474609375,22828100,0.0,0.0
2023-10-31 00:00:00-04:00,338.8500061035156,339.0,334.69000244140625,338.1099853515625,331.7109680175781,20265300,0.0,0.0
2023-11-01 00:00:00-04:00,339.7900085449219,347.4200134277344,339.6499938964844,346.07000732421875,339.5203552246094,28158800,0.0,0.0
2023-11-02 00:00:00-04:00,347.239990234375,348.8299865722656,344.7699890136719,348.32000732421875,341.727783203125,24348100,0.0,0.0
2023-11-03 00:00:00-04:00,349.6300048828125,354.3900146484375,347.3299865722656,352.79998779296875,346.12298583984375,23637700,0.0,0.0
2023-11-06 00:00:00-05:00,353.45001220703125,357.5400085449219,353.3500061035156,356.5299987792969,349.7823486328125,23828300,0.0,0.0
2023-11-07 00:00:00-05:00,359.3999938964844,362.4599914550781,357.6300048828125,360.5299987792969,353.7066650390625,25833900,0.0,0.0
2023-11-08 00:00:00-05:00,361.67999267578125,363.8699951171875,360.54998779296875,363.20001220703125,356.326171875,26767800,0.0,0.0
2023-11-09 00:00:00-05:00,362.29998779296875,364.7900085449219,360.3599853515625,360.69000244140625,353.8636169433594,24847300,0.0,0.0
2023-11-10 00:00:00-05:00,361.489990234375,370.1000061035156,361.07000732421875,369.6700134277344,362.6736755371094,28042100,0.0,0.0
2023-11-13 00:00:00-05:00,368.2200012207031,368.4700012207031,365.8999938964844,366.67999267578125,359.740234375,19986500,0.0,0.0
2023-11-14 00:00:00-05:00,371.010009765625,371.95001220703125,367.3500061035156,370.2699890136719,363.2623291015625,27683900,0.0,0.0
2023-11-15 00:00:00-05:00,371.2799987792969,373.1300048828125,367.1099853515625,369.6700134277344,363.4097900390625,26860100,0.75,0.0
2023-11-16 00:00:00-05:00,370.9599914550781,376.3500061035156,370.17999267578125,376.1700134277344,369.79974365234375,27182300,0.0,0.0
2023-11-17 00:00:00-05:00,373.6099853515625,374.3699951171875,367.0,369.8500061035156,363.586669921875,40157000,0.0,0.0
2023-11-20 00:00:00-05:00,371.2200012207031,378.8699951171875,371.0,377.44000244140625,371.0481872558594,52465100,0.0,0.0
2023-11-21 00:00:00-05:00,375.6700134277344,376.2200012207031,371.1199951171875,373.07000732421875,366.752197265625,28423100,0.0,0.0
2023-11-22 00:00:00-05:00,378.0,379.7900085449219,374.9700012207031,377.8500061035156,371.4512634277344,23345300,0.0,0.0
2023-11-24 00:00:00-05:00,377.3299865722656,377.9700012207031,375.1400146484375,377.42999267578125,371.03839111328125,10176600,0.0,0.0
2023-11-27 00:00:00-05:00,376.7799987792969,380.6400146484375,376.20001220703125,378.6099853515625,372.1983337402344,22179200,0.0,0.0
2023-11-28 00:00:00-05:00,378.3500061035156,383.0,378.1600036621094,382.70001220703125,376.2192077636719,20453100,0.0,0.0
2023-11-29 00:00:00-05:00,383.760009765625,384.29998779296875,377.44000244140625,378.8500061035156,372.434326171875,28963400,0.0,0.0
2023-11-30 00:00:00-05:00,378.489990234375,380.0899963378906,375.4700012207031,378.9100036621094,372.4933166503906,30554400,0.0,0.0
2023-12-01 00:00:00-05:00,376.760009765625,378.1600036621094,371.30999755859375,374.510009765625,368.1678466796875,33040500,0.0,0.0
2023-12-04 00:00:00-05:00,369.1000061035156,369.5199890136719,362.8999938964844,369.1400146484375,362.88873291015625,32063300,0.0,0.0
2023-12-05 00:00:00-05:00,366.45001220703125,373.0799865722656,365.6199951171875,372.5199890136719,366.2115173339844,23065000,0.0,0.0
2023-12-06 00:00:00-05:00,373.5400085449219,374.17999267578125,368.0299987792969,368.79998779296875,362.5544738769531,21182100,0.0,0.0
2023-12-07 00:00:00-05:00,368.2300109863281,371.45001220703125,366.32000732421875,370.95001220703125,364.6680908203125,23118900,0.0,0.0
2023-12-08 00:00:00-05:00,369.20001220703125,374.4599914550781,368.2300109863281,374.2300109863281,367.8926086425781,20154400,0.0,0.0
2023-12-11 00:00:00-05:00,368.4800109863281,371.6000061035156,366.1000061035156,371.29998779296875,365.0121154785156,27708800,0.0,0.0
2023-12-12 00:00:00-05:00,370.8500061035156,374.4200134277344,370.4599914550781,374.3800048828125,368.0400085449219,24838300,0.0,0.0
2023-12-13 00:00:00-05:00,376.0199890136719,377.6400146484375,370.7699890136719,374.3699951171875,368.03021240234375,30955500,0.0,0.0
2023-12-14 00:00:00-05:00,373.30999755859375,373.760009765625,364.1300048828125,365.92999267578125,359.73309326171875,43277500,0.0,0.0
2023-12-15 00:00:00-05:00,366.8500061035156,372.3999938964844,366.2799987792969,370.7300109863281,364.4518127441406,78502300,0.0,0.0
2023-12-18 00:00:00-05:00,369.45001220703125,373.0,368.67999267578125,372.6499938964844,366.33929443359375,21802900,0.0,0.0
2023-12-19 00:00:00-05:00,371.489990234375,373.260009765625,369.8399963378906,373.260009765625,366.9389953613281,20603700,0.0,0.0
2023-12-20 00:00:00-05:00,375.0,376.0299987792969,370.5299987792969,370.6199951171875,364.3437194824219,26316700,0.0,0.0
2023-12-21 00:00:00-05:00,372.55999755859375,374.4100036621094,370.0400085449219,373.5400085449219,367.21429443359375,17708000,0.0,0.0
2023-12-22 00:00:00-05:00,373.67999267578125,375.17999267578125,372.7099914550781,374.5799865722656,368.23663330078125,17107500,0.0,0.0
2023-12-26 00:00:00-05:00,375.0,376.94000244140625,373.5,374.6600036621094,368.3152770996094,12673100,0.0,0.0
2023-12-27 00:00:00-05:00,373.69000244140625,375.05999755859375,372.80999755859375,374.07000732421875,367.7352294921875,14905400,0.0,0.0
2023-12-28 00:00:00-05:00,375.3699951171875,376.4599914550781,374.1600036621094,375.2799987792969,368.9248046875,14327000,0.0,0.0
2023-12-29 00:00:00-05:00,376.0,377.1600036621094,373.4800109863281,376.0400085449219,369.6719055175781,18730800,0.0,0.0
2024-01-02 00:00:00-05:00,373.8599853515625,375.8999938964844,366.7699890136719,370.8699951171875,364.5894470214844,25258600,0.0,0.0
2024-01-03 00:00:00-05:00,369.010009765625,373.260009765625,368.510009765625,370.6000061035156,364.32403564453125,23083500,0.0,0.0
2024-01-04 00:00:00-05:00,370.6700134277344,373.1000061035156,367.1700134277344,367.94000244140625,361.70904541015625,20901500,0.0,0.0
2024-01-05 00:00:00-05:00,368.9700012207031,372.05999755859375,366.5,367.75,361.5223083496094,21004600,0.0,0.0
2024-01-08 00:00:00-05:00,369.29998779296875,375.20001220703125,369.010009765625,374.69000244140625,368.3447570800781,23134000,0.0,0.0
2024-01-09 00:00:00-05:00,372.010009765625,375.989990234375,371.19000244140625,375.7900085449219,369.4261474609375,20830000,0.0,0.0
2024-01-10 00:00:00-05:00,376.3699951171875,384.1700134277344,376.32000732421875,382.7699890136719,376.28790283203125,25514200,0.0,0.0
2024-01-11 00:00:00-05:00,386.0,390.67999267578125,380.3800048828125,384.6300048828125,378.1164245605469,27850800,0.0,0.0
2024-01-12 00:00:00-05:00,385.489990234375,388.67999267578125,384.6499938964844,388.4700012207031,381.8914489746094,21661200,0.0,0.0
2024-01-16 00:00:00-05:00,393.6600036621094,394.0299987792969,387.6199951171875,390.2699890136719,383.6609191894531,27202300,0.0,0.0
2024-01-17 00:00:00-05:00,387.9800109863281,390.1099853515625,384.80999755859375,389.4700012207031,382.8744812011719,22234100,0.0,0.0
2024-01-18 00:00:00-05:00,391.7200012207031,393.989990234375,390.1199951171875,393.8699951171875,387.199951171875,23392100,0.0,0.0
2024-01-19 00:00:00-05:00,395.760009765625,398.6700134277344,393.5,398.6700134277344,391.9187316894531,29331100,0.0,0.0
2024-01-22 00:00:00-05:00,400.0199890136719,400.6199951171875,393.5899963378906,396.510009765625,389.7952880859375,27016900,0.0,0.0
2024-01-23 00:00:00-05:00,395.75,399.3800048828125,393.92999267578125,398.8999938964844,392.144775390625,20525900,0.0,0.0
2024-01-24 00:00:00-05:00,401.5400085449219,405.6300048828125,400.45001220703125,402.55999755859375,395.7427978515625,24867000,0.0,0.0
2024-01-25 00:00:00-05:00,404.32000732421875,407.010009765625,402.5299987792969,404.8699951171875,398.013671875,21021200,0.0,0.0
2024-01-26 00:00:00-05:00,404.3699951171875,406.1700134277344,402.42999267578125,403.92999267578125,397.089599609375,17803300,0.0,0.0
2024-01-29 00:00:00-05:00,406.05999755859375,409.9800109863281,404.3299865722656,409.7200012207031,402.78155517578125,24510200,0.0,0.0
2024-01-30 00:00:00-05:00,412.260009765625,413.04998779296875,406.45001220703125,408.5899963378906,401.670654296875,33477600,0.0,0.0
2024-01-31 00:00:00-05:00,406.9599914550781,415.32000732421875,397.2099914550781,397.5799865722656,390.8470764160156,47871100,0.0,0.0
2024-02-01 00:00:00-05:00,401.8299865722656,408.0,401.79998779296875,403.7799987792969,396.9421691894531,30657700,0.0,0.0
2024-02-02 00:00:00-05:00,403.80999755859375,412.6499938964844,403.55999755859375,411.2200012207031,404.25616455078125,28256700,0.0,0.0
2024-02-05 00:00:00-05:00,409.8999938964844,411.1600036621094,403.989990234375,405.6499938964844,398.7804260253906,25352300,0.0,0.0
2024-02-06 00:00:00-05:00,405.8800048828125,407.9700012207031,402.9100036621094,405.489990234375,398.62322998046875,18382600,0.0,0.0
2024-02-07 00:00:00-05:00,407.44000244140625,414.29998779296875,407.3999938964844,414.04998779296875,407.0382385253906,22340500,0.0,0.0
2024-02-08 00:00:00-05:00,414.04998779296875,415.55999755859375,412.5299987792969,414.1099853515625,407.09722900390625,21225300,0.0,0.0
2024-02-09 00:00:00-05:00,415.25,420.82000732421875,415.0899963378906,420.54998779296875,413.4281311035156,22032800,0.0,0.0
2024-02-12 00:00:00-05:00,420.55999755859375,420.739990234375,414.75,415.260009765625,408.22772216796875,21202900,0.0,0.0
2024-02-13 00:00:00-05:00,404.94000244140625,410.07000732421875,403.3900146484375,406.32000732421875,399.4391174316406,27824900,0.0,0.0
2024-02-14 00:00:00-05:00,408.07000732421875,409.8399963378906,404.57000732421875,409.489990234375,403.29986572265625,20401200,0.75,0.0
2024-02-15 00:00:00-05:00,408.1400146484375,409.1300048828125,404.2900085449219,406.55999755859375,400.4141845703125,21825500,0.0,0.0
2024-02-16 00:00:00-05:00,407.9599914550781,408.2900085449219,403.44000244140625,404.05999755859375,397.9519348144531,22296500,0.0,0.0
2024-02-20 00:00:00-05:00,403.239990234375,404.489990234375,398.010009765625,402.7900085449219,396.701171875,24307900,0.0,0.0
2024-02-21 00:00:00-05:00,400.1700134277344,402.2900085449219,397.2200012207031,402.17999267578125,396.1003723144531,18518900,0.0,0.0
2024-02-22 00:00:00-05:00,410.19000244140625,412.8299865722656,408.57000732421875,411.6499938964844,405.4272155761719,27009900,0.0,0.0
2024-02-23 00:00:00-05:00,415.6700134277344,415.8599853515625,408.9700012207031,410.3399963378906,404.1369934082031,16295900,0.0,0.0
2024-02-26 00:00:00-05:00,411.4599914550781,412.1600036621094,407.3599853515625,407.5400085449219,401.37939453125,16193500,0.0,0.0
2024-02-27 00:00:00-05:00,407.989990234375,408.32000732421875,403.8500061035156,407.4800109863281,401.32025146484375,14835800,0.0,0.0
2024-02-28 00:00:00-05:00,408.17999267578125,409.29998779296875,405.32000732421875,407.7200012207031,401.556640625,13183100,0.0,0.0
2024-02-29 00:00:00-05:00,408.6400146484375,414.20001220703125,405.9200134277344,413.6400146484375,407.3871765136719,31947300,0.0,0.0
2024-03-01 00:00:00-05:00,411.2699890136719,415.8699951171875,410.8800048828125,415.5,409.2190246582031,17823400,0.0,0.0
2024-03-04 00:00:00-05:00,413.44000244140625,417.3500061035156,412.32000732421875,414.9200134277344,408.6478271484375,17596000,0.0,0.0
2024-03-05 00:00:00-05:00,413.9599914550781,414.25,400.6400146484375,402.6499938964844,396.563232421875,26919200,0.0,0.0
2024-03-06 00:00:00-05:00,402.9700012207031,405.1600036621094,398.3900146484375,402.0899963378906,396.01171875,22344100,0.0,0.0
2024-03-07 00:00:00-05:00,406.1199951171875,409.7799987792969,402.239990234375,409.1400146484375,402.9552307128906,18718500,0.0,0.0
2024-03-08 00:00:00-05:00,407.9599914550781,410.4200134277344,404.3299865722656,406.2200012207031,400.079345703125,18002200,0.0,0.0
2024-03-11 00:00:00-04:00,403.760009765625,405.67999267578125,401.260009765625,404.5199890136719,398.4049377441406,16120800,0.0,0.0
2024-03-12 00:00:00-04:00,407.6199951171875,415.57000732421875,406.7900085449219,415.2799987792969,409.0023193359375,22457000,0.0,0.0
2024-03-13 00:00:00-04:00,418.1000061035156,418.17999267578125,411.45001220703125,415.1000061035156,408.8251037597656,17115900,0.0,0.0
2024-03-14 00:00:00-04:00,420.239990234375,427.82000732421875,417.989990234375,425.2200012207031,418.7920837402344,34157300,0.0,0.0
2024-03-15 00:00:00-04:00,419.2900085449219,422.6000061035156,412.7900085449219,416.4200134277344,410.12518310546875,45079900,0.0,0.0
2024-03-18 00:00:00-04:00,414.25,420.7300109863281,413.7799987792969,417.32000732421875,411.0115051269531,20106000,0.0,0.0
2024-03-19 00:00:00-04:00,417.8299865722656,421.6700134277344,415.54998779296875,421.4100036621094,415.0396423339844,19837900,0.0,0.0
2024-03-20 00:00:00-04:00,422.0,425.9599914550781,420.6600036621094,425.2300109863281,418.802001953125,17860100,0.0,0.0
2024-03-21 00:00:00-04:00,429.8299865722656,430.82000732421875,427.1600036621094,429.3699951171875,422.8793640136719,21296200,0.0,0.0
2024-03-22 00:00:00-04:00,429.70001220703125,429.8599853515625,426.07000732421875,428.739990234375,422.2588806152344,17648500,0.0,0.0
2024-03-25 00:00:00-04:00,425.239990234375,427.4100036621094,421.6099853515625,422.8599853515625,416.4677429199219,18060500,0.0,0.0
2024-03-26 00:00:00-04:00,425.6099853515625,425.989990234375,421.3500061035156,421.6499938964844,415.27606201171875,16725600,0.0,0.0
2024-03-27 00:00:00-04:00,424.44000244140625,424.45001220703125,419.010009765625,421.42999267578125,415.0593566894531,16705000,0.0,0.0
2024-03-28 00:00:00-04:00,420.9599914550781,421.8699951171875,419.1199951171875,420.7200012207031,414.36004638671875,21871200,0.0,0.0
2024-04-01 00:00:00-04:00,423.95001220703125,427.8900146484375,422.2200012207031,424.57000732421875,418.15191650390625,16316000,0.0,0.0
2024-04-02 00:00:00-04:00,420.1099853515625,422.3800048828125,417.8399963378906,421.44000244140625,415.0692443847656,17912000,0.0,0.0
2024-04-03 00:00:00-04:00,419.7300109863281,423.260009765625,419.0899963378906,420.45001220703125,414.0942077636719,16502300,0.0,0.0
2024-04-04 00:00:00-04:00,424.989990234375,428.6700134277344,417.57000732421875,417.8800048828125,411.56304931640625,19370900,0.0,0.0
2024-04-05 00:00:00-04:00,420.010009765625,426.510009765625,418.32000732421875,425.5199890136719,419.0875244140625,16554800,0.0,0.0
2024-04-08 00:00:00-04:00,425.1700134277344,427.2799987792969,423.29998779296875,424.5899963378906,418.1716003417969,14272400,0.0,0.0
2024-04-09 00:00:00-04:00,426.44000244140625,427.739990234375,421.6199951171875,426.2799987792969,419.8360900878906,12496900,0.0,0.0
2024-04-10 00:00:00-04:00,422.19000244140625,424.0299987792969,419.70001220703125,423.260009765625,416.86175537109375,16216600,0.0,0.0
2024-04-11 00:00:00-04:00,425.82000732421875,429.3699951171875,422.3599853515625,427.92999267578125,421.46112060546875,17966400,0.0,0.0
2024-04-12 00:00:00-04:00,424.04998779296875,425.17999267578125,419.7699890136719,421.8999938964844,415.522216796875,19253800,0.0,0.0
2024-04-15 00:00:00-04:00,426.6000061035156,426.82000732421875,413.42999267578125,413.6400146484375,407.3871765136719,20273500,0.0,0.0
2024-04-16 00:00:00-04:00,414.57000732421875,418.3999938964844,413.7300109863281,414.5799865722656,408.3129577636719,16765600,0.0,0.0
2024-04-17 00:00:00-04:00,417.25,418.8800048828125,410.3299865722656,411.8399963378906,405.61431884765625,15855500,0.0,0.0
2024-04-18 00:00:00-04:00,410.6300048828125,411.8900146484375,403.95001220703125,404.2699890136719,398.15875244140625,21029900,0.0,0.0
2024-04-19 00:00:00-04:00,404.0299987792969,405.4800109863281,397.7699890136719,399.1199951171875,393.0865478515625,30565800,0.0,0.0
2024-04-22 00:00:00-04:00,400.0799865722656,402.8500061035156,395.75,400.9599914550781,394.8988037109375,20286900,0.0,0.0
2024-04-23 00:00:00-04:00,404.239990234375,408.20001220703125,403.05999755859375,407.57000732421875,401.408935546875,15734500,0.0,0.0
2024-04-24 00:00:00-04:00,409.55999755859375,412.4700012207031,406.7799987792969,409.05999755859375,402.8763427734375,15065300,0.0,0.0
2024-04-25 00:00:00-04:00,394.0299987792969,399.8900146484375,388.0299987792969,399.0400085449219,393.0078430175781,40586500,0.0,0.0
2024-04-26 00:00:00-04:00,412.1700134277344,413.0,405.760009765625,406.32000732421875,400.17779541015625,29694700,0.0,0.0
2024-04-29 00:00:00-04:00,405.25,406.32000732421875,399.19000244140625,402.25,396.16937255859375,19582100,0.0,0.0
2024-04-30 00:00:00-04:00,401.489990234375,402.1600036621094,389.1700134277344,389.3299865722656,383.4446105957031,28781400,0.0,0.0
2024-05-01 00:00:00-04:00,392.6099853515625,401.7200012207031,390.30999755859375,394.94000244140625,388.96978759765625,23562500,0.0,0.0
2024-05-02 00:00:00-04:00,397.6600036621094,399.92999267578125,394.6499938964844,397.8399963378906,391.82598876953125,17709400,0.0,0.0
2024-05-03 00:00:00-04:00,402.2799987792969,407.1499938964844,401.8599853515625,406.6600036621094,400.5126647949219,17446700,0.0,0.0
2024-05-06 00:00:00-04:00,408.760009765625,413.92999267578125,406.3699951171875,413.5400085449219,407.2886047363281,16996600,0.0,0.0
2024-05-07 00:00:00-04:00,414.6600036621094,414.6700134277344,409.0899963378906,409.3399963378906,403.15216064453125,20018200,0.0,0.0
2024-05-08 00:00:00-04:00,408.1700134277344,412.2300109863281,406.7099914550781,410.5400085449219,404.333984375,11792300,0.0,0.0
2024-05-09 00:00:00-04:00,410.57000732421875,412.7200012207031,409.1000061035156,412.32000732421875,406.08709716796875,14689700,0.0,0.0
2024-05-10 00:00:00-04:00,412.94000244140625,415.3800048828125,411.79998779296875,414.739990234375,408.470458984375,13402300,0.0,0.0
2024-05-13 00:00:00-04:00,418.010009765625,418.3500061035156,410.82000732421875,413.7200012207031,407.4659423828125,15440200,0.0,0.0
2024-05-14 00:00:00-04:00,412.0199890136719,417.489990234375,411.54998779296875,416.55999755859375,410.26300048828125,15109300,0.0,0.0
2024-05-15 00:00:00-04:00,417.8999938964844,423.80999755859375,417.2699890136719,423.0799865722656,417.4360046386719,22239500,0.75,0.0
2024-05-16 00:00:00-04:00,421.79998779296875,425.4200134277344,420.3500061035156,420.989990234375,415.3739318847656,17530100,0.0,0.0
2024-05-17 00:00:00-04:00,422.5400085449219,422.9200134277344,418.0299987792969,420.2099914550781,414.6042785644531,15352200,0.0,0.0
2024-05-20 00:00:00-04:00,420.2099914550781,426.7699890136719,419.989990234375,425.3399963378906,419.6658935546875,16272100,0.0,0.0
2024-05-21 00:00:00-04:00,426.8299865722656,432.9700012207031,424.8500061035156,429.0400085449219,423.3165283203125,21453300,0.0,0.0
2024-05-22 00:00:00-04:00,430.0899963378906,432.4100036621094,427.1300048828125,430.5199890136719,424.7767639160156,18073700,0.0,0.0
2024-05-23 00:00:00-04:00,432.9700012207031,433.6000061035156,425.4200134277344,427.0,421.3037414550781,17211700,0.0,0.0
2024-05-24 00:00:00-04:00,427.19000244140625,431.05999755859375,424.4100036621094,430.1600036621094,424.4216003417969,11855300,0.0,0.0
2024-05-28 00:00:00-04:00,429.6300048828125,430.82000732421875,426.6000061035156,430.32000732421875,424.5794677734375,15718000,0.0,0.0
2024-05-29 00:00:00-04:00,425.69000244140625,430.94000244140625,425.69000244140625,429.1700134277344,423.44476318359375,15517100,0.0,0.0
2024-05-30 00:00:00-04:00,424.29998779296875,424.29998779296875,414.239990234375,414.6700134277344,409.13824462890625,28394500,0.0,0.0
2024-05-31 00:00:00-04:00,416.75,416.75,404.510009765625,415.1300048828125,409.59210205078125,47995300,0.0,0.0
2024-06-03 00:00:00-04:00,415.5299987792969,416.42999267578125,408.9200134277344,413.5199890136719,408.0035400390625,17484700,0.0,0.0
2024-06-04 00:00:00-04:00,412.42999267578125,416.44000244140625,409.67999267578125,416.07000732421875,410.5195007324219,14348900,0.0,0.0
2024-06-05 00:00:00-04:00,417.80999755859375,424.0799865722656,416.29998779296875,424.010009765625,418.3536376953125,16988000,0.0,0.0
2024-06-06 00:00:00-04:00,424.010009765625,425.30999755859375,420.5799865722656,424.5199890136719,418.8568115234375,14861300,0.0,0.0
2024-06-07 00:00:00-04:00,426.20001220703125,426.2799987792969,423.0,423.8500061035156,418.19573974609375,13621700,0.0,0.0
2024-06-10 00:00:00-04:00,424.70001220703125,428.0799865722656,423.8900146484375,427.8699951171875,422.1621398925781,13982900,0.0,0.0
2024-06-11 00:00:00-04:00,425.4800109863281,432.82000732421875,425.25,432.67999267578125,426.9079284667969,14551100,0.0,0.0
2024-06-12 00:00:00-04:00,435.32000732421875,443.3999938964844,433.25,441.05999755859375,435.1761779785156,22366200,0.0,0.0
2024-06-13 00:00:00-04:00,440.8500061035156,443.3900146484375,439.3699951171875,441.5799865722656,435.689208984375,15960600,0.0,0.0
2024-06-14 00:00:00-04:00,438.2799987792969,443.1400146484375,436.7200012207031,442.57000732421875,436.6660461425781,13582000,0.0,0.0
2024-06-17 00:00:00-04:00,442.5899963378906,450.94000244140625,440.7200012207031,448.3699951171875,442.38861083984375,20790000,0.0,0.0
2024-06-18 00:00:00-04:00,449.7099914550781,450.1400146484375,444.8900146484375,446.3399963378906,440.3857116699219,17112500,0.0,0.0
2024-06-20 00:00:00-04:00,446.29998779296875,446.5299987792969,441.2699890136719,445.70001220703125,439.7543029785156,19877400,0.0,0.0
2024-06-21 00:00:00-04:00,447.3800048828125,450.5799865722656,446.510009765625,449.7799987792969,443.7798156738281,34187100,0.0,0.0
2024-06-24 00:00:00-04:00,449.79998779296875,452.75,446.4100036621094,447.6700134277344,441.6979675292969,15913700,0.0,0.0
2024-06-25 00:00:00-04:00,448.25,451.4200134277344,446.75,450.95001220703125,444.9342346191406,16413400,0.0,0.0
2024-06-26 00:00:00-04:00,449.0,453.6000061035156,448.19000244140625,452.1600036621094,446.1280822753906,16507000,0.0,0.0
2024-06-27 00:00:00-04:00,452.17999267578125,456.1700134277344,451.7699890136719,452.8500061035156,446.8088684082031,14806300,0.0,0.0
2024-06-28 00:00:00-04:00,453.07000732421875,455.3800048828125,446.4100036621094,446.95001220703125,440.98760986328125,28362300,0.0,0.0
2024-07-01 00:00:00-04:00,448.6600036621094,457.3699951171875,445.6600036621094,456.7300109863281,450.6371154785156,17662800,0.0,0.0
2024-07-02 00:00:00-04:00,453.20001220703125,459.5899963378906,453.1099853515625,459.2799987792969,453.1531066894531,13979800,0.0,0.0
2024-07-03 00:00:00-04:00,458.19000244140625,461.0199890136719,457.8800048828125,460.7699890136719,454.6231994628906,9932800,0.0,0.0
2024-07-05 00:00:00-04:00,459.6099853515625,468.3500061035156,458.9700012207031,467.55999755859375,461.3226318359375,16000300,0.0,0.0
2024-07-08 00:00:00-04:00,466.54998779296875,467.70001220703125,464.4599914550781,466.239990234375,460.020263671875,12962300,0.0,0.0
2024-07-09 00:00:00-04:00,467.0,467.3299865722656,458.0,459.5400085449219,453.40966796875,17207200,0.0,0.0
2024-07-10 00:00:00-04:00,461.2200012207031,466.4599914550781,458.8599853515625,466.25,460.0301513671875,18196100,0.0,0.0
2024-07-11 00:00:00-04:00,462.9800109863281,464.7799987792969,451.54998779296875,454.70001220703125,448.6341857910156,23111200,0.0,0.0
2024-07-12 00:00:00-04:00,454.3299865722656,456.3599853515625,450.6499938964844,453.54998779296875,447.4995422363281,16324300,0.0,0.0
2024-07-15 00:00:00-04:00,453.29998779296875,457.260009765625,451.42999267578125,453.9599914550781,447.904052734375,14429400,0.0,0.0
2024-07-16 00:00:00-04:00,454.2200012207031,454.29998779296875,446.6600036621094,449.5199890136719,443.5232849121094,17175700,0.0,0.0
2024-07-17 00:00:00-04:00,442.5899963378906,444.8500061035156,439.17999267578125,443.5199890136719,437.6033630371094,21778000,0.0,0.0
2024-07-18 00:00:00-04:00,444.3399963378906,444.6499938964844,434.3999938964844,440.3699951171875,434.4953918457031,20794800,0.0,0.0
2024-07-19 00:00:00-04:00,433.1000061035156,441.1400146484375,432.0,437.1099853515625,431.2788391113281,20940400,0.0,0.0
2024-07-22 00:00:00-04:00,441.7900085449219,444.6000061035156,438.9100036621094,442.94000244140625,437.03106689453125,15808800,0.0,0.0
2024-07-23 00:00:00-04:00,443.8999938964844,448.3900146484375,443.1000061035156,444.8500061035156,438.9156188964844,13107100,0.0,0.0
2024-07-24 00:00:00-04:00,440.45001220703125,441.4800109863281,427.5899963378906,428.8999938964844,423.1783752441406,26805800,0.0,0.0
2024-07-25 00:00:00-04:00,428.79998779296875,429.79998779296875,417.510009765625,418.3999938964844,412.8184814453125,29943800,0.0,0.0
2024-07-26 00:00:00-04:00,418.20001220703125,428.9200134277344,417.2699890136719,425.2699890136719,419.5967712402344,23583800,0.0,0.0
2024-07-29 00:00:00-04:00,431.5799865722656,432.1499938964844,424.70001220703125,426.7300109863281,421.0373840332031,15125800,0.0,0.0
2024-07-30 00:00:00-04:00,427.7200012207031,429.04998779296875,417.3599853515625,422.9200134277344,417.2781677246094,32687600,0.0,0.0
2024-07-31 00:00:00-04:00,420.5,421.7799987792969,412.2099914550781,418.3500061035156,412.7691345214844,42891400,0.0,0.0
2024-08-01 00:00:00-04:00,420.7900085449219,427.4599914550781,413.0899963378906,417.1099853515625,411.545654296875,30296400,0.0,0.0
2024-08-02 00:00:00-04:00,412.489990234375,415.0,404.3399963378906,408.489990234375,403.0406188964844,29437900,0.0,0.0
2024-08-05 00:00:00-04:00,389.1700134277344,401.0400085449219,385.5799865722656,395.1499938964844,389.8785705566406,40709200,0.0,0.0
2024-08-06 00:00:00-04:00,400.0,405.6700134277344,398.5,399.6099853515625,394.27911376953125,24946500,0.0,0.0
2024-08-07 00:00:00-04:00,408.6400146484375,410.0799865722656,397.4700012207031,398.42999267578125,393.1148376464844,20650900,0.0,0.0
2024-08-08 00:00:00-04:00,402.44000244140625,405.8599853515625,399.94000244140625,402.69000244140625,397.3180236816406,20203000,0.0,0.0
2024-08-09 00:00:00-04:00,404.0299987792969,408.04998779296875,402.260009765625,406.0199890136719,400.60357666015625,19276700,0.0,0.0
2024-08-12 00:00:00-04:00,407.05999755859375,408.760009765625,404.239990234375,406.80999755859375,401.3830261230469,16762900,0.0,0.0
2024-08-13 00:00:00-04:00,409.5899963378906,414.95001220703125,409.57000732421875,414.010009765625,408.4870300292969,19414300,0.0,0.0
2024-08-14 00:00:00-04:00,414.79998779296875,417.7200012207031,412.45001220703125,416.8599853515625,411.2989501953125,18267000,0.0,0.0
2024-08-15 00:00:00-04:00,419.79998779296875,421.1099853515625,417.6600036621094,421.0299987792969,416.162109375,20752100,0.75,0.0
2024-08-16 00:00:00-04:00,420.6000061035156,421.3399963378906,417.29998779296875,418.4700012207031,413.6316833496094,22775600,0.0,0.0
2024-08-19 00:00:00-04:00,418.9599914550781,421.75,416.4599914550781,421.5299987792969,416.65631103515625,15234000,0.0,0.0
2024-08-20 00:00:00-04:00,421.70001220703125,425.8599853515625,421.6400146484375,424.79998779296875,419.8885192871094,16387600,0.0,0.0
2024-08-21 00:00:00-04:00,424.0799865722656,426.3999938964844,421.7200012207031,424.1400146484375,419.2361755371094,16067300,0.0,0.0
2024-08-22 00:00:00-04:00,424.3599853515625,426.7900085449219,414.6099853515625,415.54998779296875,410.7454528808594,19361900,0.0,0.0
2024-08-23 00:00:00-04:00,416.9800109863281,419.260009765625,412.0899963378906,416.7900085449219,411.9711608886719,18493800,0.0,0.0
2024-08-26 00:00:00-04:00,416.3699951171875,417.2799987792969,411.3399963378906,413.489990234375,408.7092590332031,13152800,0.0,0.0
2024-08-27 00:00:00-04:00,412.8599853515625,414.3599853515625,410.25,413.8399963378906,409.0552062988281,13492900,0.0,0.0
2024-08-28 00:00:00-04:00,414.8800048828125,415.0,407.30999755859375,410.6000061035156,405.85272216796875,14882700,0.0,0.0
2024-08-29 00:00:00-04:00,414.94000244140625,422.04998779296875,410.6000061035156,413.1199951171875,408.34356689453125,17045200,0.0,0.0
2024-08-30 00:00:00-04:00,415.6000061035156,417.489990234375,412.1300048828125,417.1400146484375,412.31707763671875,24308300,0.0,0.0
2024-09-03 00:00:00-04:00,417.9100036621094,419.8800048828125,407.0299987792969,409.44000244140625,404.70611572265625,20313600,0.0,0.0
2024-09-04 00:00:00-04:00,405.9100036621094,411.239990234375,404.3699951171875,408.8999938964844,404.1723327636719,15135800,0.0,0.0
2024-09-05 00:00:00-04:00,407.6199951171875,413.1000061035156,406.1300048828125,408.3900146484375,403.6682434082031,14195500,0.0,0.0
2024-09-06 00:00:00-04:00,409.05999755859375,410.6499938964844,400.79998779296875,401.70001220703125,397.0556335449219,19609500,0.0,0.0
2024-09-09 00:00:00-04:00,407.239990234375,408.6499938964844,402.1499938964844,405.7200012207031,401.02911376953125,15295100,0.0,0.0
2024-09-10 00:00:00-04:00,408.20001220703125,416.3299865722656,407.70001220703125,414.20001220703125,409.4111022949219,19594300,0.0,0.0
2024-09-11 00:00:00-04:00,415.5,423.989990234375,409.5799865722656,423.0400085449219,418.14886474609375,19266900,0.0,0.0
2024-09-12 00:00:00-04:00,423.30999755859375,427.3699951171875,419.75,427.0,422.0630798339844,17395700,0.0,0.0
2024-09-13 00:00:00-04:00,425.8299865722656,431.8299865722656,425.4599914550781,430.5899963378906,425.611572265625,15874600,0.0,0.0
2024-09-16 00:00:00-04:00,430.6000061035156,433.5299987792969,428.2200012207031,431.3399963378906,426.3529052734375,13834700,0.0,0.0
2024-09-17 00:00:00-04:00,440.2300109863281,441.8500061035156,432.2699890136719,435.1499938964844,430.1188659667969,18874200,0.0,0.0
2024-09-18 00:00:00-04:00,435.0,436.0299987792969,430.4100036621094,430.80999755859375,425.8289794921875,18898000,0.0,0.0
2024-09-19 00:00:00-04:00,441.2300109863281,441.5,436.8999938964844,438.69000244140625,433.6179504394531,21706600,0.0,0.0
2024-09-20 00:00:00-04:00,437.2200012207031,439.239990234375,434.2200012207031,435.2699890136719,430.2374267578125,55167100,0.0,0.0
2024-09-23 00:00:00-04:00,434.2799987792969,436.4599914550781,430.3900146484375,433.510009765625,428.4978332519531,15128900,0.0,0.0
2024-09-24 00:00:00-04:00,433.0,433.3500061035156,426.1000061035156,429.1700134277344,424.2080078125,17015800,0.0,0.0
2024-09-25 00:00:00-04:00,429.8299865722656,433.1199951171875,428.57000732421875,432.1099853515625,427.11395263671875,13396400,0.0,0.0
2024-09-26 00:00:00-04:00,435.0899963378906,435.29998779296875,429.1300048828125,431.30999755859375,426.3232727050781,14492000,0.0,0.0
2024-09-27 00:00:00-04:00,431.5199890136719,431.8500061035156,427.4700012207031,428.0199890136719,423.0713195800781,14896100,0.0,0.0
2024-09-30 00:00:00-04:00,428.2099914550781,430.4200134277344,425.3699951171875,430.29998779296875,425.324951171875,16807300,0.0,0.0
2024-10-01 00:00:00-04:00,428.45001220703125,428.4800109863281,418.80999755859375,420.69000244140625,415.8260498046875,19092900,0.0,0.0
2024-10-02 00:00:00-04:00,422.5799865722656,422.82000732421875,416.7099914550781,417.1300048828125,412.3072204589844,16582300,0.0,0.0
2024-10-03 00:00:00-04:00,417.6300048828125,419.54998779296875,414.2900085449219,416.5400085449219,411.7240295410156,13686400,0.0,0.0
2024-10-04 00:00:00-04:00,418.239990234375,419.75,414.9700012207031,416.05999755859375,411.24957275390625,19169700,0.0,0.0
2024-10-07 00:00:00-04:00,416.0,417.1099853515625,409.0,409.5400085449219,404.8049621582031,20919800,0.0,0.0
2024-10-08 00:00:00-04:00,410.8999938964844,415.6600036621094,408.1700134277344,414.7099914550781,409.9151916503906,19229300,0.0,0.0
2024-10-09 00:00:00-04:00,415.8599853515625,420.3800048828125,414.29998779296875,417.4599914550781,412.6333923339844,14974300,0.0,0.0
2024-10-10 00:00:00-04:00,415.2300109863281,417.3500061035156,413.1499938964844,415.8399963378906,411.0321044921875,13848400,0.0,0.0
2024-10-11 00:00:00-04:00,416.1400146484375,417.1300048828125,413.25,416.32000732421875,411.506591796875,14144900,0.0,0.0
2024-10-14 00:00:00-04:00,417.7699890136719,424.0400085449219,417.5199890136719,419.1400146484375,414.2939758300781,16653100,0.0,0.0
2024-10-15 00:00:00-04:00,422.17999267578125,422.4800109863281,415.260009765625,418.739990234375,413.8985595703125,18900200,0.0,0.0
2024-10-16 00:00:00-04:00,415.1700134277344,416.3599853515625,410.4800109863281,416.1199951171875,411.30889892578125,15508900,0.0,0.0
2024-10-17 00:00:00-04:00,422.3599853515625,422.5,415.5899963378906,416.7200012207031,411.9019470214844,14820000,0.0,0.0
2024-10-18 00:00:00-04:00,417.1400146484375,419.6499938964844,416.260009765625,418.1600036621094,413.3252868652344,17145300,0.0,0.0
2024-10-21 00:00:00-04:00,416.1199951171875,418.9599914550781,413.75,418.7799987792969,413.9381103515625,14206100,0.0,0.0
2024-10-22 00:00:00-04:00,418.489990234375,430.5799865722656,418.0400085449219,427.510009765625,422.5672302246094,25482200,0.0,0.0
2024-10-23 00:00:00-04:00,430.8599853515625,431.0799865722656,422.5299987792969,424.6000061035156,419.6908264160156,19654400,0.0,0.0
2024-10-24 00:00:00-04:00,425.3299865722656,425.9800109863281,422.3999938964844,424.7300109863281,419.8193054199219,13581600,0.0,0.0
2024-10-25 00:00:00-04:00,426.760009765625,432.5199890136719,426.57000732421875,428.1499938964844,423.1998291015625,16899100,0.0,0.0
2024-10-28 00:00:00-04:00,431.6600036621094,431.94000244140625,426.29998779296875,426.5899963378906,421.65777587890625,14882400,0.0,0.0
2024-10-29 00:00:00-04:00,428.0,433.1700134277344,425.79998779296875,431.95001220703125,426.9559020996094,17644100,0.0,0.0
2024-10-30 00:00:00-04:00,437.44000244140625,438.5,432.1000061035156,432.5299987792969,427.5291748046875,29749100,0.0,0.0
2024-10-31 00:00:00-04:00,415.3599853515625,416.1600036621094,406.29998779296875,406.3500061035156,401.65185546875,53971000,0.0,0.0
2024-11-01 00:00:00-04:00,409.010009765625,415.5,407.5,410.3699951171875,405.6253662109375,24230400,0.0,0.0
2024-11-04 00:00:00-05:00,409.79998779296875,410.4200134277344,405.57000732421875,408.4599914550781,403.7374267578125,19672300,0.0,0.0
2024-11-05 00:00:00-05:00,408.3699951171875,414.8999938964844,408.0799865722656,411.4599914550781,406.7027282714844,17626000,0.0,0.0
2024-11-06 00:00:00-05:00,412.4200134277344,420.45001220703125,410.5199890136719,420.17999267578125,415.32196044921875,26681800,0.0,0.0
2024-11-07 00:00:00-05:00,421.2799987792969,426.8500061035156,419.8800048828125,425.42999267578125,420.51123046875,19901800,0.0,0.0
2024-11-08 00:00:00-05:00,425.32000732421875,426.5,421.7799987792969,422.5400085449219,417.6546325683594,16891400,0.0,0.0
2024-11-11 00:00:00-05:00,422.5199890136719,424.80999755859375,416.0,418.010009765625,413.17706298828125,24503300,0.0,0.0
2024-11-12 00:00:00-05:00,418.25,424.44000244140625,417.20001220703125,423.0299987792969,418.13897705078125,19401200,0.0,0.0
2024-11-13 00:00:00-05:00,421.6400146484375,429.3299865722656,418.2099914550781,425.20001220703125,420.2839050292969,21502200,0.0,0.0
2024-11-14 00:00:00-05:00,425.0,428.1700134277344,420.0,426.8900146484375,421.9543762207031,30246900,0.0,0.0
2024-11-15 00:00:00-05:00,419.82000732421875,422.79998779296875,413.6400146484375,415.0,410.2017822265625,28247600,0.0,0.0
2024-11-18 00:00:00-05:00,414.8699951171875,418.3999938964844,412.1000061035156,415.760009765625,410.95306396484375,24727000,0.0,0.0
2024-11-19 00:00:00-05:00,413.1099853515625,417.94000244140625,411.54998779296875,417.7900085449219,412.9595947265625,18133500,0.0,0.0
2024-11-20 00:00:00-05:00,416.8699951171875,417.2900085449219,410.5799865722656,415.489990234375,410.6861572265625,19191700,0.0,0.0
2024-11-21 00:00:00-05:00,419.5,419.7799987792969,410.2900085449219,412.8699951171875,408.913330078125,20780200,0.83,0.0
2024-11-22 00:00:00-05:00,411.3699951171875,417.3999938964844,411.05999755859375,417.0,413.0037536621094,24814600,0.0,0.0
2024-11-25 00:00:00-05:00,418.3800048828125,421.0799865722656,414.8500061035156,418.7900085449219,414.7765808105469,27691100,0.0,0.0
2024-11-26 00:00:00-05:00,419.5899963378906,429.0400085449219,418.8500061035156,427.989990234375,423.8883972167969,23458900,0.0,0.0
2024-11-27 00:00:00-05:00,425.1099853515625,427.2300109863281,422.0199890136719,422.989990234375,418.93634033203125,18332400,0.0,0.0
2024-11-29 00:00:00-05:00,420.0899963378906,424.8800048828125,417.79998779296875,423.4599914550781,419.4018249511719,16271900,0.0,0.0
2024-12-02 00:00:00-05:00,421.57000732421875,433.0,421.30999755859375,430.9800109863281,426.8497619628906,20207200,0.0,0.0
2024-12-03 00:00:00-05:00,429.8399963378906,432.4700012207031,427.739990234375,431.20001220703125,427.0676574707031,18302000,0.0,0.0
2024-12-04 00:00:00-05:00,433.0299987792969,439.6700134277344,432.6300048828125,437.4200134277344,433.2280578613281,26009400,0.0,0.0
2024-12-05 00:00:00-05:00,437.9200134277344,444.6600036621094,436.1700134277344,442.6199951171875,438.378173828125,21697800,0.0,0.0
2024-12-06 00:00:00-05:00,442.29998779296875,446.1000061035156,441.7699890136719,443.57000732421875,439.319091796875,18821000,0.0,0.0
2024-12-09 00:00:00-05:00,442.6000061035156,448.3299865722656,440.5,446.0199890136719,441.7456359863281,19144400,0.0,0.0
2024-12-10 00:00:00-05:00,444.3900146484375,449.6199951171875,441.6000061035156,443.3299865722656,439.0813903808594,18469500,0.0,0.0
2024-12-11 00:00:00-05:00,444.04998779296875,450.3500061035156,444.04998779296875,448.989990234375,444.68719482421875,19200200,0.0,0.0
2024-12-12 00:00:00-05:00,449.1099853515625,456.1600036621094,449.1099853515625,449.55999755859375,445.2516784667969,20834800,0.0,0.0
2024-12-13 00:00:00-05:00,448.44000244140625,451.42999267578125,445.5799865722656,447.2699890136719,442.9836120605469,20177800,0.0,0.0
2024-12-16 00:00:00-05:00,447.2699890136719,452.17999267578125,445.2799987792969,451.5899963378906,447.26226806640625,23598800,0.0,0.0
2024-12-17 00:00:00-05:00,451.010009765625,455.2900085449219,449.57000732421875,454.4599914550781,450.1047668457031,22733500,0.0,0.0
2024-12-18 00:00:00-05:00,451.32000732421875,452.6499938964844,437.0199890136719,437.3900146484375,433.1983337402344,24444500,0.0,0.0
2024-12-19 00:00:00-05:00,441.6199951171875,443.17999267578125,436.32000732421875,437.0299987792969,432.84173583984375,22963700,0.0,0.0
2024-12-20 00:00:00-05:00,433.1099853515625,443.739990234375,428.6300048828125,436.6000061035156,432.4158935546875,64263700,0.0,0.0
2024-12-23 00:00:00-05:00,436.739990234375,437.6499938964844,432.8299865722656,435.25,431.0788879394531,19152500,0.0,0.0
2024-12-24 00:00:00-05:00,434.6499938964844,439.6000061035156,434.19000244140625,439.3299865722656,435.1197204589844,7164500,0.0,0.0
2024-12-26 00:00:00-05:00,439.0799865722656,440.94000244140625,436.6300048828125,438.1099853515625,433.91143798828125,8194200,0.0,0.0
2024-12-27 00:00:00-05:00,434.6000061035156,435.2200012207031,426.3500061035156,430.5299987792969,426.404052734375,18117700,0.0,0.0
2024-12-30 00:00:00-05:00,426.05999755859375,427.54998779296875,421.8999938964844,424.8299865722656,420.7586975097656,13158700,0.0,0.0
2024-12-31 00:00:00-05:00,426.1000061035156,426.7300109863281,420.6600036621094,421.5,417.4606018066406,13246500,0.0,0.0
2025-01-02 00:00:00-05:00,425.5299987792969,426.07000732421875,414.8500061035156,418.5799865722656,414.5685729980469,16896500,0.0,0.0
2025-01-03 00:00:00-05:00,421.0799865722656,424.0299987792969,419.5400085449219,423.3500061035156,419.29290771484375,16662900,0.0,0.0
2025-01-06 00:00:00-05:00,428.0,434.32000732421875,425.4800109863281,427.8500061035156,423.749755859375,20573600,0.0,0.0
2025-01-07 00:00:00-05:00,429.0,430.6499938964844,420.79998779296875,422.3699951171875,418.3222351074219,18139100,0.0,0.0
2025-01-08 00:00:00-05:00,423.4599914550781,426.9700012207031,421.5400085449219,424.55999755859375,420.49127197265625,15054600,0.0,0.0
2025-01-10 00:00:00-05:00,424.6300048828125,424.7099914550781,415.0199890136719,418.95001220703125,414.93505859375,20201100,0.0,0.0
2025-01-13 00:00:00-05:00,415.239990234375,418.5,412.2900085449219,417.19000244140625,413.19195556640625,17604800,0.0,0.0
2025-01-14 00:00:00-05:00,417.80999755859375,419.739990234375,410.7200012207031,415.6700134277344,411.6864929199219,16935900,0.0,0.0
2025-01-15 00:00:00-05:00,419.1300048828125,428.1499938964844,418.2699890136719,426.30999755859375,422.2245178222656,19637800,0.0,0.0
2025-01-16 00:00:00-05:00,428.70001220703125,429.489990234375,424.3900146484375,424.5799865722656,420.5110778808594,15300000,0.0,0.0
2025-01-17 00:00:00-05:00,434.0899963378906,434.4800109863281,428.1700134277344,429.0299987792969,424.91845703125,26197500,0.0,0.0
2025-01-21 00:00:00-05:00,430.20001220703125,430.8999938964844,425.6000061035156,428.5,424.3935241699219,26085700,0.0,0.0
2025-01-22 00:00:00-05:00,437.55999755859375,447.2699890136719,436.0,446.20001220703125,441.92388916015625,27803800,0.0,0.0
2025-01-23 00:00:00-05:00,442.0,446.75,441.5,446.7099914550781,442.42901611328125,18389300,0.0,0.0
2025-01-24 00:00:00-05:00,445.1600036621094,446.6499938964844,441.3999938964844,444.05999755859375,439.804443359375,15549500,0.0,0.0
2025-01-27 00:00:00-05:00,424.010009765625,435.20001220703125,423.5,434.55999755859375,430.3955078125,35647800,0.0,0.0
2025-01-28 00:00:00-05:00,434.6000061035156,448.3800048828125,431.3800048828125,447.20001220703125,442.9143371582031,23491700,0.0,0.0
2025-01-29 00:00:00-05:00,446.69000244140625,446.8800048828125,440.3999938964844,442.3299865722656,438.0909729003906,23581400,0.0,0.0
2025-01-30 00:00:00-05:00,418.7699890136719,422.8599853515625,413.1600036621094,414.989990234375,411.0130310058594,54586300,0.0,0.0
2025-01-31 00:00:00-05:00,418.9800109863281,420.69000244140625,414.9100036621094,415.05999755859375,411.08233642578125,34161900,0.0,0.0
2025-02-03 00:00:00-05:00,411.6000061035156,415.4100036621094,408.6600036621094,410.9200134277344,406.98199462890625,25679100,0.0,0.0
2025-02-04 00:00:00-05:00,412.69000244140625,413.9200134277344,409.739990234375,412.3699951171875,408.4181213378906,20532100,0.0,0.0
2025-02-05 00:00:00-05:00,412.3500061035156,413.8299865722656,410.3999938964844,413.2900085449219,409.3293151855469,16316700,0.0,0.0
2025-02-06 00:00:00-05:00,414.0,418.20001220703125,414.0,415.82000732421875,411.8350524902344,16309800,0.0,0.0
2025-02-07 00:00:00-05:00,416.4800109863281,418.6499938964844,408.1000061035156,409.75,405.8232116699219,22886800,0.0,0.0
2025-02-10 00:00:00-05:00,413.7099914550781,415.4599914550781,410.9200134277344,412.2200012207031,408.2695617675781,20817900,0.0,0.0
2025-02-11 00:00:00-05:00,409.6400146484375,412.489990234375,409.29998779296875,411.44000244140625,407.4970397949219,18140600,0.0,0.0
2025-02-12 00:00:00-05:00,407.2099914550781,410.75,404.3699951171875,409.0400085449219,405.1200256347656,19121700,0.0,0.0
2025-02-13 00:00:00-05:00,407.0,411.0,406.3599853515625,410.5400085449219,406.60565185546875,23891700,0.0,0.0
2025-02-14 00:00:00-05:00,407.7900085449219,408.9100036621094,405.8800048828125,408.42999267578125,404.515869140625,22758500,0.0,0.0
2025-02-18 00:00:00-05:00,408.0,410.6000061035156,406.5,409.6400146484375,405.7142639160156,21423100,0.0,0.0
2025-02-19 00:00:00-05:00,407.8800048828125,415.489990234375,407.6499938964844,414.7699890136719,410.79510498046875,24114200,0.0,0.0
2025-02-20 00:00:00-05:00,415.2900085449219,419.30999755859375,412.5400085449219,416.1300048828125,412.9684753417969,23508700,0.83,0.0
2025-02-21 00:00:00-05:00,417.3399963378906,418.04998779296875,407.8900146484375,408.2099914550781,405.108642578125,27524800,0.0,0.0
2025-02-24 00:00:00-05:00,408.510009765625,409.3699951171875,399.32000732421875,404.0,400.9306335449219,26443700,0.0,0.0
2025-02-25 00:00:00-05:00,401.1000061035156,401.9200134277344,396.70001220703125,397.8999938964844,394.876953125,29387400,0.0,0.0
2025-02-26 00:00:00-05:00,398.010009765625,403.6000061035156,394.25,399.7300109863281,396.6930847167969,19619000,0.0,0.0
2025-02-27 00:00:00-05:00,401.2699890136719,405.739990234375,392.1700134277344,392.5299987792969,389.5477600097656,21127400,0.0,0.0
2025-02-28 00:00:00-05:00,392.6600036621094,397.6300048828125,386.57000732421875,396.989990234375,393.973876953125,32845700,0.0,0.0
2025-03-03 00:00:00-05:00,398.82000732421875,398.82000732421875,386.1600036621094,388.489990234375,385.5384521484375,23007700,0.0,0.0
2025-03-04 00:00:00-05:00,383.3999938964844,392.5799865722656,381.0,388.6099853515625,385.6575012207031,29342900,0.0,0.0
2025-03-05 00:00:00-05:00,389.3399963378906,401.6700134277344,388.80999755859375,401.0199890136719,397.9732666015625,23433100,0.0,0.0
2025-03-06 00:00:00-05:00,394.2799987792969,402.1499938964844,392.67999267578125,396.8900146484375,393.87469482421875,23304600,0.0,0.0
2025-03-07 00:00:00-05:00,392.32000732421875,394.79998779296875,385.5400085449219,393.30999755859375,390.32183837890625,22034100,0.0,0.0
2025-03-10 00:00:00-04:00,385.8399963378906,386.3999938964844,377.2200012207031,380.1600036621094,377.2717590332031,32840100,0.0,0.0
2025-03-11 00:00:00-04:00,379.0,386.0,376.9100036621094,380.45001220703125,377.5595397949219,30380200,0.0,0.0
2025-03-12 00:00:00-04:00,382.95001220703125,385.2200012207031,378.95001220703125,383.2699890136719,380.3581237792969,24253600,0.0,0.0
2025-03-13 00:00:00-04:00,383.1600036621094,385.32000732421875,377.45001220703125,378.7699890136719,375.89227294921875,20473000,0.0,0.0
2025-03-14 00:00:00-04:00,379.7799987792969,390.2300109863281,379.510009765625,388.55999755859375,385.60791015625,19952800,0.0,0.0
2025-03-17 00:00:00-04:00,386.70001220703125,392.7099914550781,385.57000732421875,388.70001220703125,385.7469177246094,22474300,0.0,0.0
2025-03-18 00:00:00-04:00,387.07000732421875,387.3699951171875,381.1000061035156,383.5199890136719,380.6062316894531,19486900,0.0,0.0
2025-03-19 00:00:00-04:00,385.5299987792969,389.67999267578125,384.0,387.82000732421875,384.8735656738281,19185500,0.0,0.0
2025-03-20 00:00:00-04:00,385.739990234375,391.7900085449219,383.2799987792969,386.8399963378906,383.9010009765625,18470500,0.0,0.0
2025-03-21 00:00:00-04:00,383.2200012207031,391.739990234375,382.79998779296875,391.260009765625,388.2874450683594,39675900,0.0,0.0
2025-03-24 00:00:00-04:00,395.3999938964844,395.3999938964844,389.80999755859375,393.0799865722656,390.0935974121094,21004500,0.0,0.0
2025-03-25 00:00:00-04:00,393.9200134277344,396.3599853515625,392.6400146484375,395.1600036621094,392.1578063964844,15775000,0.0,0.0
2025-03-26 00:00:00-04:00,395.0,395.30999755859375,388.57000732421875,389.9700012207031,387.0072326660156,16108400,0.0,0.0
2025-03-27 00:00:00-04:00,390.1300048828125,392.239990234375,387.3999938964844,390.5799865722656,387.612548828125,13766800,0.0,0.0
2025-03-28 00:00:00-04:00,388.0799865722656,389.1300048828125,376.92999267578125,378.79998779296875,375.922119140625,21632000,0.0,0.0
2025-03-31 00:00:00-04:00,372.5400085449219,377.07000732421875,367.239990234375,375.3900146484375,372.53802490234375,35184700,0.0,0.0
2025-04-01 00:00:00-04:00,374.6499938964844,382.8500061035156,373.2300109863281,382.19000244140625,379.2863464355469,19689500,0.0,0.0
2025-04-02 00:00:00-04:00,377.9700012207031,385.0799865722656,376.6199951171875,382.1400146484375,379.2367248535156,16092600,0.0,0.0
2025-04-03 00:00:00-04:00,374.7900085449219,377.4800109863281,369.3500061035156,373.1099853515625,370.2752990722656,30198000,0.0,0.0
2025-04-04 00:00:00-04:00,364.1300048828125,374.5899963378906,359.4800109863281,359.8399963378906,357.10614013671875,49209900,0.0,0.0
2025-04-07 00:00:00-04:00,350.8800048828125,371.0,344.7900085449219,357.8599853515625,355.1411437988281,50425000,0.0,0.0
2025-04-08 00:00:00-04:00,368.260009765625,373.6499938964844,350.25,354.55999755859375,351.8662414550781,35868900,0.0,0.0
2025-04-09 00:00:00-04:00,353.5400085449219,393.2300109863281,353.1000061035156,390.489990234375,387.5232849121094,50199700,0.0,0.0
2025-04-10 00:00:00-04:00,382.05999755859375,383.8999938964844,367.79998779296875,381.3500061035156,378.45269775390625,38024400,0.0,0.0
2025-04-11 00:00:00-04:00,380.6400146484375,390.04998779296875,378.8900146484375,388.45001220703125,385.498779296875,23839200,0.0,0.0
2025-04-14 00:00:00-04:00,393.2200012207031,394.6499938964844,384.2099914550781,387.80999755859375,384.8636169433594,19251200,0.0,0.0
2025-04-15 00:00:00-04:00,388.510009765625,391.8900146484375,384.1600036621094,385.7300109863281,382.7994384765625,17199900,0.0,0.0
2025-04-16 00:00:00-04:00,380.6700134277344,381.6099853515625,368.0,371.6099853515625,368.7867126464844,21967800,0.0,0.0
2025-04-17 00:00:00-04:00,373.75,374.32000732421875,366.8900146484375,367.7799987792969,364.98583984375,21120200,0.0,0.0
2025-04-21 00:00:00-04:00,362.82000732421875,364.4800109863281,355.6700134277344,359.1199951171875,356.3916320800781,20807300,0.0,0.0
2025-04-22 00:00:00-04:00,363.3800048828125,367.7699890136719,359.8599853515625,366.82000732421875,364.0331115722656,19485000,0.0,0.0
2025-04-23 00:00:00-04:00,376.05999755859375,380.3900146484375,373.0199890136719,374.3900146484375,371.54559326171875,20545500,0.0,0.0
2025-04-24 00:00:00-04:00,375.70001220703125,388.45001220703125,375.19000244140625,387.29998779296875,384.35748291015625,22232300,0.0,0.0
2025-04-25 00:00:00-04:00,387.0,392.1600036621094,384.6000061035156,391.8500061035156,388.87298583984375,18973200,0.0,0.0
2025-04-28 00:00:00-04:00,391.9599914550781,392.739990234375,386.6400146484375,391.1600036621094,388.1882019042969,16579400,0.0,0.0
2025-04-29 00:00:00-04:00,391.29998779296875,395.1000061035156,390.3800048828125,394.0400085449219,391.0462951660156,14974000,0.0,0.0
2025-04-30 00:00:00-04:00,390.29998779296875,396.6600036621094,384.44000244140625,395.260009765625,392.2570495605469,36461100,0.0,0.0
2025-05-01 00:00:00-04:00,431.1099853515625,436.989990234375,424.8999938964844,425.3999938964844,422.16802978515625,58938100,0.0,0.0
2025-05-02 00:00:00-04:00,431.739990234375,439.44000244140625,429.989990234375,435.2799987792969,431.9729919433594,30757400,0.0,0.0
2025-05-05 00:00:00-04:00,432.8699951171875,439.5,432.1099853515625,436.1700134277344,432.8562316894531,20136100,0.0,0.0
2025-05-06 00:00:00-04:00,432.20001220703125,437.7300109863281,431.1700134277344,433.30999755859375,430.0179443359375,15104200,0.0,0.0
2025-05-07 00:00:00-04:00,433.8399963378906,438.1199951171875,431.1099853515625,433.3500061035156,430.0576477050781,23295300,0.0,0.0
2025-05-08 00:00:00-04:00,437.92999267578125,443.6700134277344,435.6600036621094,438.1700134277344,434.84100341796875,23491300,0.0,0.0
2025-05-09 00:00:00-04:00,440.0,440.739990234375,435.8800048828125,438.7300109863281,435.3967590332031,15324200,0.0,0.0
2025-05-12 00:00:00-04:00,445.94000244140625,449.3699951171875,439.7799987792969,449.260009765625,445.8467712402344,22821900,0.0,0.0
2025-05-13 00:00:00-04:00,447.7799987792969,450.6700134277344,445.3599853515625,449.1400146484375,445.72772216796875,23618800,0.0,0.0
2025-05-14 00:00:00-04:00,448.1400146484375,453.8999938964844,448.1400146484375,452.94000244140625,449.4988098144531,19902800,0.0,0.0
2025-05-15 00:00:00-04:00,450.7699890136719,456.19000244140625,450.42999267578125,453.1300048828125,450.5129089355469,21992300,0.83,0.0
2025-05-16 00:00:00-04:00,452.04998779296875,454.3599853515625,448.7300109863281,454.2699890136719,451.6463317871094,23849800,0.0,0.0
2025-05-19 00:00:00-04:00,450.8800048828125,459.5899963378906,450.79998779296875,458.8699951171875,456.2197570800781,21336500,0.0,0.0
2025-05-20 00:00:00-04:00,455.5899963378906,458.3399963378906,454.32000732421875,458.1700134277344,455.5238342285156,15441800,0.0,0.0
2025-05-21 00:00:00-04:00,454.57000732421875,457.7799987792969,451.80999755859375,452.57000732421875,449.9561767578125,19216900,0.0,0.0
2025-05-22 00:00:00-04:00,454.95001220703125,460.25,453.8999938964844,454.8599853515625,452.2329406738281,18025600,0.0,0.0
2025-05-23 00:00:00-04:00,449.9800109863281,453.69000244140625,448.9100036621094,450.17999267578125,447.5799560546875,16883500,0.0,0.0
2025-05-27 00:00:00-04:00,456.4800109863281,460.95001220703125,456.1199951171875,460.69000244140625,458.0292663574219,20974300,0.0,0.0
2025-05-28 00:00:00-04:00,461.2200012207031,462.5199890136719,456.92999267578125,457.3599853515625,454.7184753417969,17086300,0.0,0.0
2025-05-29 00:00:00-04:00,461.54998779296875,461.7200012207031,455.30999755859375,458.67999267578125,456.0308837890625,13974800,0.0,0.0
2025-05-30 00:00:00-04:00,459.7200012207031,461.67999267578125,455.5400085449219,460.3599853515625,457.7011413574219,34770500,0.0,0.0
2025-06-02 00:00:00-04:00,457.1400146484375,462.1099853515625,456.8900146484375,461.9700012207031,459.3018493652344,16626500,0.0,0.0
2025-06-03 00:00:00-04:00,461.4700012207031,464.1400146484375,460.8599853515625,462.9700012207031,460.29608154296875,15743800,0.0,0.0
2025-06-04 00:00:00-04:00,464.0,465.69000244140625,463.0199890136719,463.8699951171875,461.1908874511719,14162700,0.0,0.0
2025-06-05 00:00:00-04:00,464.9599914550781,469.6499938964844,464.0299987792969,467.67999267578125,464.9788818359375,20131700,0.0,0.0
2025-06-06 00:00:00-04:00,470.0899963378906,473.3399963378906,468.7799987792969,470.3800048828125,467.6632995605469,15285600,0.0,0.0
2025-06-09 00:00:00-04:00,469.70001220703125,473.42999267578125,468.6199951171875,472.75,470.0196228027344,16469900,0.0,0.0
2025-06-10 00:00:00-04:00,471.19000244140625,472.79998779296875,466.9599914550781,470.9200134277344,468.2001953125,15375900,0.0,0.0
2025-06-11 00:00:00-04:00,470.0199890136719,475.4700012207031,469.6600036621094,472.6199951171875,469.890380859375,16399200,0.0,0.0
2025-06-12 00:00:00-04:00,475.0199890136719,480.4200134277344,473.5199890136719,478.8699951171875,476.104248046875,18950600,0.0,0.0
2025-06-13 00:00:00-04:00,476.4100036621094,479.17999267578125,472.760009765625,474.9599914550781,472.2168273925781,16814500,0.0,0.0
2025-06-16 00:00:00-04:00,475.2099914550781,480.69000244140625,475.0,479.1400146484375,476.3727111816406,15626100,0.0,0.0
2025-06-17 00:00:00-04:00,475.3999938964844,478.739990234375,474.0799865722656,478.0400085449219,475.279052734375,15414100,0.0,0.0
2025-06-18 00:00:00-04:00,478.0,481.0,474.4599914550781,480.239990234375,477.4663391113281,17526500,0.0,0.0
2025-06-20 00:00:00-04:00,482.2300109863281,483.4599914550781,476.8699951171875,477.3999938964844,474.6427307128906,37576200,0.0,0.0
2025-06-23 00:00:00-04:00,478.2099914550781,487.75,472.510009765625,486.0,483.1930847167969,24864000,0.0,0.0
2025-06-24 00:00:00-04:00,488.95001220703125,491.8500061035156,486.79998779296875,490.1099853515625,487.279296875,22305600,0.0,0.0
2025-06-25 00:00:00-04:00,492.0400085449219,494.55999755859375,489.3900146484375,492.2699890136719,489.4268493652344,17495100,0.0,0.0
2025-06-26 00:00:00-04:00,492.9800109863281,498.0400085449219,492.80999755859375,497.45001220703125,494.57696533203125,21578900,0.0,0.0
2025-06-27 00:00:00-04:00,497.54998779296875,499.29998779296875,493.0299987792969,495.94000244140625,493.0756530761719,34539200,0.0,0.0
2025-06-30 00:00:00-04:00,497.0400085449219,500.760009765625,495.3299865722656,497.4100036621094,494.5372009277344,28369000,0.0,0.0
2025-07-01 00:00:00-04:00,496.4700012207031,498.04998779296875,490.9800109863281,492.04998779296875,489.2081298828125,19945400,0.0,0.0
2025-07-02 00:00:00-04:00,489.989990234375,493.5,488.70001220703125,491.0899963378906,488.2536926269531,16319600,0.0,0.0
2025-07-03 00:00:00-04:00,493.80999755859375,500.1300048828125,493.44000244140625,498.8399963378906,495.95892333984375,13984800,0.0,0.0
2025-07-07 00:00:00-04:00,497.3800048828125,498.75,495.2300109863281,497.7200012207031,494.84539794921875,13981600,0.0,0.0
2025-07-08 00:00:00-04:00,497.239990234375,498.20001220703125,494.1099853515625,496.6199951171875,493.7517395019531,11846600,0.0,0.0
2025-07-09 00:00:00-04:00,500.29998779296875,506.7799987792969,499.739990234375,503.510009765625,500.6019592285156,18659500,0.0,0.0
2025-07-10 00:00:00-04:00,503.04998779296875,504.44000244140625,497.75,501.4800109863281,498.58367919921875,16492100,0.0,0.0
2025-07-11 00:00:00-04:00,498.4700012207031,505.0299987792969,497.79998779296875,503.32000732421875,500.4130554199219,16459500,0.0,0.0
2025-07-14 00:00:00-04:00,501.5199890136719,503.9700012207031,501.0299987792969,503.0199890136719,500.1147766113281,12058800,0.0,0.0
2025-07-15 00:00:00-04:00,503.0199890136719,508.29998779296875,502.7900085449219,505.82000732421875,502.89862060546875,14927200,0.0,0.0
2025-07-16 00:00:00-04:00,505.17999267578125,506.7200012207031,501.8900146484375,505.6199951171875,502.69976806640625,15154400,0.0,0.0
2025-07-17 00:00:00-04:00,505.67999267578125,513.3699951171875,505.6199951171875,511.70001220703125,508.7446594238281,17503100,0.0,0.0
2025-07-18 00:00:00-04:00,514.47998046875,514.6400146484375,507.42999267578125,510.04998779296875,507.10418701171875,21209700,0.0,0.0
2025-07-21 00:00:00-04:00,506.7099914550781,512.0900268554688,505.54998779296875,510.05999755859375,507.1141357421875,14066800,0.0,0.0
2025-07-22 00:00:00-04:00,510.9700012207031,511.20001220703125,505.2699890136719,505.2699890136719,502.3517761230469,13868600,0.0,0.0
2025-07-23 00:00:00-04:00,506.75,506.7900085449219,500.70001220703125,505.8699951171875,502.94830322265625,16396600,0.0,0.0
2025-07-24 00:00:00-04:00,508.7699890136719,513.6699829101562,507.29998779296875,510.8800048828125,507.9294128417969,16107000,0.0,0.0
2025-07-25 00:00:00-04:00,512.469970703125,518.2899780273438,510.3599853515625,513.7100219726562,510.7430419921875,19125700,0.0,0.0
2025-07-28 00:00:00-04:00,514.0800170898438,515.0,510.1199951171875,512.5,509.5400390625,14308000,0.0,0.0
2025-07-29 00:00:00-04:00,515.530029296875,517.6199951171875,511.55999755859375,512.5700073242188,509.609619140625,16469200,0.0,0.0
2025-07-30 00:00:00-04:00,515.1699829101562,515.9500122070312,509.44000244140625,513.239990234375,510.2757568359375,26380400,0.0,0.0
2025-07-31 00:00:00-04:00,555.22998046875,555.4500122070312,531.9000244140625,533.5,530.4187622070312,51617300,0.0,0.0
2025-08-01 00:00:00-04:00,535.0,535.7999877929688,520.8599853515625,524.1099853515625,521.0829467773438,28977600,0.0,0.0
2025-08-04 00:00:00-04:00,528.27001953125,538.25,528.1300048828125,535.6400146484375,532.5464477539062,25349000,0.0,0.0
2025-08-05 00:00:00-04:00,537.1799926757812,537.2999877929688,527.239990234375,527.75,524.701904296875,19171600,0.0,0.0
2025-08-06 00:00:00-04:00,530.9000244140625,531.7000122070312,524.030029296875,524.9400024414062,521.908203125,21355700,0.0,0.0
2025-08-07 00:00:00-04:00,526.7999877929688,528.0900268554688,517.5499877929688,520.8400268554688,517.8319091796875,16079100,0.0,0.0
2025-08-08 00:00:00-04:00,522.5999755859375,524.6599731445312,519.4099731445312,522.0399780273438,519.0248413085938,15531000,0.0,0.0
2025-08-11 00:00:00-04:00,522.2999877929688,527.5900268554688,519.719970703125,521.77001953125,518.7564697265625,20194400,0.0,0.0
2025-08-12 00:00:00-04:00,523.75,530.97998046875,522.7000122070312,529.239990234375,526.183349609375,18667000,0.0,0.0
2025-08-13 00:00:00-04:00,532.1099853515625,532.7000122070312,519.3699951171875,520.5800170898438,517.5734252929688,19619200,0.0,0.0
2025-08-14 00:00:00-04:00,522.5599975585938,525.9500122070312,520.1400146484375,522.47998046875,519.46240234375,20269100,0.0,0.0
2025-08-15 00:00:00-04:00,522.77001953125,526.0999755859375,519.0800170898438,520.1699829101562,517.1657104492188,25213300,0.0,0.0
2025-08-18 00:00:00-04:00,521.5900268554688,522.8200073242188,514.02001953125,517.0999755859375,514.1134643554688,23760600,0.0,0.0
2025-08-19 00:00:00-04:00,515.0,515.1599731445312,508.54998779296875,509.7699890136719,506.8257751464844,21481000,0.0,0.0
2025-08-20 00:00:00-04:00,509.8699951171875,511.0,504.44000244140625,505.7200012207031,502.7992248535156,27723000,0.0,0.0
2025-08-21 00:00:00-04:00,503.69000244140625,507.6300048828125,502.7200012207031,504.239990234375,502.15185546875,18443300,0.83,0.0
2025-08-22 00:00:00-04:00,504.25,510.7300109863281,502.4100036621094,507.2300109863281,505.1295166015625,24324200,0.0,0.0
2025-08-25 00:00:00-04:00,506.6300048828125,508.19000244140625,504.1199951171875,504.260009765625,502.17181396484375,21638600,0.0,0.0
2025-08-26 00:00:00-04:00,504.3599853515625,504.9800109863281,498.510009765625,502.0400085449219,499.96099853515625,30835700,0.0,0.0
2025-08-27 00:00:00-04:00,502.0,507.2900085449219,499.8999938964844,506.739990234375,504.64154052734375,17277900,0.0,0.0
2025-08-28 00:00:00-04:00,507.0899963378906,511.0899963378906,505.5,509.6400146484375,507.529541015625,18015600,0.0,0.0
2025-08-29 00:00:00-04:00,508.6600036621094,509.6000061035156,504.489990234375,506.69000244140625,504.59173583984375,20961600,0.0,0.0
2025-09-02 00:00:00-04:00,500.4700012207031,506.0,496.80999755859375,505.1199951171875,503.0282287597656,18128000,0.0,0.0
2025-09-03 00:00:00-04:00,503.7900085449219,507.7900085449219,502.32000732421875,505.3500061035156,503.2572937011719,16345100,0.0,0.0
2025-09-04 00:00:00-04:00,504.29998779296875,508.1499938964844,503.1499938964844,507.9700012207031,505.866455078125,15509500,0.0,0.0
2025-09-05 00:00:00-04:00,509.07000732421875,511.9700012207031,492.3699951171875,495.0,492.9501647949219,31994800,0.0,0.0
2025-09-08 00:00:00-04:00,498.1099853515625,501.20001220703125,495.0299987792969,498.20001220703125,496.13690185546875,16771000,0.0,0.0
2025-09-09 00:00:00-04:00,501.42999267578125,502.25,497.70001220703125,498.4100036621094,496.34600830078125,14410500,0.0,0.0
2025-09-10 00:00:00-04:00,502.9800109863281,503.2300109863281,496.7200012207031,500.3699951171875,498.29791259765625,21611800,0.0,0.0
2025-09-11 00:00:00-04:00,502.25,503.1700134277344,497.8800048828125,501.010009765625,498.9352722167969,18881600,0.0,0.0
2025-09-12 00:00:00-04:00,506.6499938964844,512.5499877929688,503.8500061035156,509.8999938964844,507.7884521484375,23624900,0.0,0.0
2025-09-15 00:00:00-04:00,508.7900085449219,515.469970703125,507.0,515.3599853515625,513.225830078125,17143800,0.0,0.0
2025-09-16 00:00:00-04:00,516.8800048828125,517.22998046875,508.6000061035156,509.0400085449219,506.9320068359375,19711900,0.0,0.0
2025-09-17 00:00:00-04:00,510.6199951171875,511.2900085449219,505.92999267578125,510.0199890136719,507.9079284667969,15816600,0.0,0.0
2025-09-18 00:00:00-04:00,511.489990234375,513.0700073242188,507.6600036621094,508.45001220703125,506.3444519042969,18913700,0.0,0.0
2025-09-19 00:00:00-04:00,510.55999755859375,519.2999877929688,510.30999755859375,517.9299926757812,515.7852172851562,52474100,0.0,0.0
2025-09-22 00:00:00-04:00,515.5900268554688,517.739990234375,512.5399780273438,514.4500122070312,512.3196411132812,20009300,0.0,0.0
2025-09-23 00:00:00-04:00,513.7999877929688,514.5900268554688,507.30999755859375,509.2300109863281,507.1212463378906,19799600,0.0,0.0
2025-09-24 00:00:00-04:00,510.3800048828125,512.47998046875,506.9200134277344,510.1499938964844,508.0373840332031,13533700,0.0,0.0
2025-09-25 00:00:00-04:00,508.29998779296875,510.010009765625,505.0400085449219,507.0299987792969,504.9303283691406,15786500,0.0,0.0
2025-09-26 00:00:00-04:00,510.05999755859375,513.9400024414062,506.6199951171875,511.4599914550781,509.3419494628906,16213100,0.0,0.0
2025-09-29 00:00:00-04:00,511.5,516.8499755859375,508.8800048828125,514.5999755859375,512.4689331054688,17617800,0.0,0.0
2025-09-30 00:00:00-04:00,513.239990234375,518.1599731445312,509.6600036621094,517.9500122070312,515.8051147460938,19728200,0.0,0.0
2025-10-01 00:00:00-04:00,514.7999877929688,520.510009765625,511.69000244140625,519.7100219726562,517.5578002929688,22632300,0.0,0.0
2025-10-02 00:00:00-04:00,517.6400146484375,521.5999755859375,510.67999267578125,515.739990234375,513.6041870117188,21222900,0.0,0.0
2025-10-03 00:00:00-04:00,517.0999755859375,520.489990234375,515.0,517.3499755859375,515.20751953125,15112300,0.0,0.0
2025-10-06 00:00:00-04:00,518.6099853515625,531.030029296875,518.2000122070312,528.5700073242188,526.3811645507812,21388600,0.0,0.0
2025-10-07 00:00:00-04:00,528.2899780273438,529.7999877929688,521.4400024414062,523.97998046875,521.8101196289062,14615200,0.0,0.0
2025-10-08 00:00:00-04:00,523.280029296875,526.9500122070312,523.0900268554688,524.8499755859375,522.676513671875,13363400,0.0,0.0
2025-10-09 00:00:00-04:00,522.3400268554688,524.3300170898438,517.4000244140625,522.4000244140625,520.2366943359375,18343600,0.0,0.0
2025-10-10 00:00:00-04:00,519.6400146484375,523.5800170898438,509.6300048828125,510.9599914550781,508.84405517578125,24133800,0.0,0.0
2025-10-13 00:00:00-04:00,516.4099731445312,516.4099731445312,511.67999267578125,514.0499877929688,511.9212646484375,14284200,0.0,0.0
2025-10-14 00:00:00-04:00,510.2300109863281,515.280029296875,506.0,513.5700073242188,511.4432067871094,14684300,0.0,0.0
2025-10-15 00:00:00-04:00,514.9600219726562,517.1900024414062,510.0,513.4299926757812,511.3038330078125,14694700,0.0,0.0
2025-10-16 00:00:00-04:00,512.5800170898438,516.8499755859375,508.1300048828125,511.6099853515625,509.4913330078125,15559600,0.0,0.0
2025-10-17 00:00:00-04:00,509.0400085449219,515.47998046875,507.30999755859375,513.5800170898438,511.4532165527344,19867800,0.0,0.0
2025-10-20 00:00:00-04:00,514.6099853515625,518.7000122070312,513.4299926757812,516.7899780273438,514.6498413085938,14665600,0.0,0.0
2025-10-21 00:00:00-04:00,517.5,518.6900024414062,513.0399780273438,517.6599731445312,515.5162963867188,15586200,0.0,0.0
2025-10-22 00:00:00-04:00,521.1500244140625,525.22998046875,517.7100219726562,520.5399780273438,518.3843383789062,18962700,0.0,0.0
2025-10-23 00:00:00-04:00,522.4600219726562,523.9500122070312,518.6099853515625,520.5599975585938,518.404296875,14023500,0.0,0.0
2025-10-24 00:00:00-04:00,522.7899780273438,525.3499755859375,520.7100219726562,523.6099853515625,521.441650390625,15532400,0.0,0.0
2025-10-27 00:00:00-04:00,531.780029296875,534.5800170898438,529.010009765625,531.52001953125,529.3189697265625,18734700,0.0,0.0
2025-10-28 00:00:00-04:00,550.0,553.719970703125,540.77001953125,542.0700073242188,539.8251953125,29986700,0.0,0.0
2025-10-29 00:00:00-04:00,544.9400024414062,546.27001953125,536.72998046875,541.5499877929688,539.3073120117188,36023000,0.0,0.0
2025-10-30 00:00:00-04:00,530.47998046875,534.969970703125,522.1199951171875,525.760009765625,523.582763671875,41023100,0.0,0.0
2025-10-31 00:00:00-04:00,528.8800048828125,529.3200073242188,515.0999755859375,517.8099975585938,515.6656494140625,34006400,0.0,0.0
2025-11-03 00:00:00-05:00,519.8099975585938,524.9600219726562,514.5900268554688,517.030029296875,514.888916015625,22374700,0.0,0.0
2025-11-04 00:00:00-05:00,511.760009765625,515.5499877929688,507.8399963378906,514.3300170898438,512.2001342773438,20958700,0.0,0.0
2025-11-05 00:00:00-05:00,513.2999877929688,514.8300170898438,506.5799865722656,507.1600036621094,505.0597839355469,23024300,0.0,0.0
2025-11-06 00:00:00-05:00,505.6600036621094,505.70001220703125,495.80999755859375,497.1000061035156,495.04144287109375,27406500,0.0,0.0
2025-11-07 00:00:00-05:00,496.95001220703125,499.3800048828125,493.25,496.82000732421875,494.7626037597656,24019800,0.0,0.0
2025-11-10 00:00:00-05:00,500.0400085449219,506.8500061035156,498.79998779296875,506.0,503.90460205078125,26101500,0.0,0.0
2025-11-11 00:00:00-05:00,504.79998779296875,509.6000061035156,502.3500061035156,508.67999267578125,506.573486328125,17980000,0.0,0.0
2025-11-12 00:00:00-05:00,509.3599853515625,511.6700134277344,499.1199951171875,511.1400146484375,509.0233154296875,26574900,0.0,0.0
2025-11-13 00:00:00-05:00,510.30999755859375,513.5,501.2900085449219,503.2900085449219,501.205810546875,25273100,0.0,0.0
2025-11-14 00:00:00-05:00,498.2300109863281,511.6000061035156,497.44000244140625,510.17999267578125,508.0672912597656,28505700,0.0,0.0
2025-11-17 00:00:00-05:00,508.45001220703125,512.1199951171875,504.9100036621094,507.489990234375,505.388427734375,19092800,0.0,0.0
2025-11-18 00:00:00-05:00,495.3699951171875,502.9800109863281,486.7799987792969,493.7900085449219,491.74517822265625,33815100,0.0,0.0
2025-11-19 00:00:00-05:00,490.1000061035156,495.19000244140625,482.8299865722656,487.1199951171875,485.102783203125,23245300,0.0,0.0
2025-11-20 00:00:00-05:00,492.7099914550781,493.57000732421875,475.5,478.42999267578125,477.3404846191406,26802500,0.91,0.0
2025-11-21 00:00:00-05:00,478.5,478.9200134277344,468.2699890136719,472.1199951171875,471.04486083984375,31769200,0.0,0.0
2025-11-24 00:00:00-05:00,475.0,476.8999938964844,468.0199890136719,474.0,472.92059326171875,34421000,0.0,0.0
2025-11-25 00:00:00-05:00,474.07000732421875,479.1499938964844,464.8900146484375,476.989990234375,475.90374755859375,28019800,0.0,0.0
2025-11-26 00:00:00-05:00,486.30999755859375,488.30999755859375,481.20001220703125,485.5,484.3943786621094,25709100,0.0,0.0
2025-11-28 00:00:00-05:00,487.6000061035156,492.6300048828125,486.6499938964844,492.010009765625,490.88958740234375,14386700,0.0,0.0
2025-12-01 00:00:00-05:00,488.44000244140625,489.8599853515625,484.6499938964844,486.739990234375,485.6315612792969,23964000,0.0,0.0
2025-12-02 00:00:00-05:00,486.7200012207031,493.5,486.32000732421875,490.0,488.8841552734375,19562700,0.0,0.0
2025-12-03 00:00:00-05:00,476.32000732421875,484.239990234375,475.20001220703125,477.7300109863281,476.64208984375,34615100,0.0,0.0
2025-12-04 00:00:00-05:00,479.760009765625,481.32000732421875,476.489990234375,480.8399963378906,479.7449951171875,22318200,0.0,0.0
2025-12-05 00:00:00-05:00,482.5199890136719,483.3999938964844,478.8800048828125,483.1600036621094,482.0597229003906,22608700,0.0,0.0
2025-12-08 00:00:00-05:00,484.8900146484375,492.29998779296875,484.3800048828125,491.0199890136719,489.9018249511719,21965900,0.0,0.0
2025-12-09 00:00:00-05:00,489.1000061035156,492.1199951171875,488.5,492.0199890136719,490.8995361328125,14696100,0.0,0.0
2025-12-10 00:00:00-05:00,484.0299987792969,484.25,475.0799865722656,478.55999755859375,477.4701843261719,35756200,0.0,0.0
2025-12-11 00:00:00-05:00,476.6300048828125,486.0299987792969,475.8599853515625,483.4700012207031,482.3690185546875,24669200,0.0,0.0
2025-12-12 00:00:00-05:00,479.82000732421875,482.45001220703125,476.3399963378906,478.5299987792969,477.4402770996094,21248100,0.0,0.0
2025-12-15 00:00:00-05:00,480.1000061035156,480.7200012207031,472.5199890136719,474.82000732421875,473.73870849609375,23727700,0.0,0.0
2025-12-16 00:00:00-05:00,471.9100036621094,477.8900146484375,470.8800048828125,476.3900146484375,475.3051452636719,20705600,0.0,0.0
2025-12-17 00:00:00-05:00,476.9100036621094,480.0,475.0,476.1199951171875,475.0357360839844,24527200,0.0,0.0
2025-12-18 00:00:00-05:00,478.19000244140625,489.6000061035156,477.8900146484375,483.9800109863281,482.87786865234375,28573500,0.0,0.0
2025-12-19 00:00:00-05:00,487.3599853515625,487.8500061035156,482.489990234375,485.9200134277344,484.8134460449219,70836100,0.0,0.0
2025-12-22 00:00:00-05:00,486.1199951171875,488.7300109863281,482.69000244140625,484.9200134277344,483.81573486328125,16963000,0.0,0.0
2025-12-23 00:00:00-05:00,484.9800109863281,487.8299865722656,484.739990234375,486.8500061035156,485.7413330078125,14683600,0.0,0.0
2025-12-24 00:00:00-05:00,485.67999267578125,489.1600036621094,484.8299865722656,488.0199890136719,486.90863037109375,5855900,0.0,0.0
2025-12-26 00:00:00-05:00,486.7099914550781,488.1199951171875,485.9599914550781,487.7099914550781,486.599365234375,8842200,0.0,0.0
2025-12-29 00:00:00-05:00,484.8599853515625,488.3500061035156,484.17999267578125,487.1000061035156,485.9907531738281,10893400,0.0,0.0
2025-12-30 00:00:00-05:00,485.92999267578125,489.67999267578125,485.5,487.4800109863281,486.3699035644531,13944500,0.0,0.0
2025-12-31 00:00:00-05:00,487.8399963378906,488.1400146484375,483.29998779296875,483.6199951171875,482.5186767578125,15601600,0.0,0.0
2026-01-02 00:00:00-05:00,484.3900146484375,484.6600036621094,470.1600036621094,472.94000244140625,471.8630065917969,25571600,0.0,0.0
2026-01-05 00:00:00-05:00,474.05999755859375,476.07000732421875,469.5,472.8500061035156,471.773193359375,25250300,0.0,0.0
2026-01-06 00:00:00-05:00,473.79998779296875,478.739990234375,469.75,478.510009765625,477.4203186035156,23037700,0.0,0.0
2026-01-07 00:00:00-05:00,479.760009765625,489.70001220703125,477.95001220703125,483.4700012207031,482.3690185546875,25564200,0.0,0.0
2026-01-08 00:00:00-05:00,481.239990234375,482.6600036621094,475.8599853515625,478.1099853515625,477.0212097167969,18162600,0.0,0.0
2026-01-09 00:00:00-05:00,474.05999755859375,479.82000732421875,472.20001220703125,479.2799987792969,478.1885681152344,18491000,0.0,0.0
2026-01-12 00:00:00-05:00,476.6700134277344,480.989990234375,475.67999267578125,477.17999267578125,476.09332275390625,23519900,0.0,0.0
2026-01-13 00:00:00-05:00,474.67999267578125,475.7799987792969,465.95001220703125,470.6700134277344,469.5981750488281,28545800,0.0,0.0
2026-01-14 00:00:00-05:00,466.4599914550781,468.20001220703125,457.1700134277344,459.3800048828125,458.3338928222656,28184300,0.0,0.0
2026-01-15 00:00:00-05:00,464.1199951171875,464.25,455.8999938964844,456.6600036621094,455.6200866699219,23225800,0.0,0.0
2026-01-16 00:00:00-05:00,457.8299865722656,463.19000244140625,456.4800109863281,459.8599853515625,458.8127746582031,34246700,0.0,0.0
2026-01-20 00:00:00-05:00,451.2200012207031,456.79998779296875,449.2799987792969,454.5199890136719,453.48492431640625,26130000,0.0,0.0
2026-01-21 00:00:00-05:00,452.6000061035156,452.69000244140625,438.67999267578125,444.1099853515625,443.0986328125,37980500,0.0,0.0
2026-01-22 00:00:00-05:00,447.6199951171875,452.8399963378906,444.70001220703125,451.1400146484375,450.1126403808594,25349400,0.0,0.0
2026-01-23 00:00:00-05:00,451.8699951171875,471.1000061035156,450.5299987792969,465.95001220703125,464.888916015625,38000200,0.0,0.0
2026-01-26 00:00:00-05:00,465.30999755859375,474.25,462.0,470.2799987792969,469.20904541015625,29291200,0.0,0.0
2026-01-27 00:00:00-05:00,473.70001220703125,482.8699951171875,473.1600036621094,480.5799865722656,479.485595703125,29213900,0.0,0.0
2026-01-28 00:00:00-05:00,483.2099914550781,483.739990234375,478.0,481.6300048828125,480.533203125,36875400,0.0,0.0
2026-01-29 00:00:00-05:00,439.989990234375,442.5,421.0199890136719,433.5,432.5128173828125,128855300,0.0,0.0
2026-01-30 00:00:00-05:00,439.1700134277344,439.6000061035156,426.45001220703125,430.2900085449219,429.31011962890625,58566800,0.0,0.0
2026-02-02 00:00:00-05:00,430.239990234375,430.739990234375,422.25,423.3699951171875,422.4058837890625,42219900,0.0,0.0
2026-02-03 00:00:00-05:00,422.010009765625,422.04998779296875,408.55999755859375,411.2099914550781,410.2735595703125,61424100,0.0,0.0
2026-02-04 00:00:00-05:00,411.0,419.79998779296875,409.239990234375,414.19000244140625,413.2467956542969,45012400,0.0,0.0
2026-02-05 00:00:00-05:00,407.44000244140625,408.29998779296875,392.32000732421875,393.6700134277344,392.7735290527344,66289200,0.0,0.0
2026-02-06 00:00:00-05:00,399.1700134277344,401.7900085449219,392.9200134277344,401.1400146484375,400.22650146484375,53515300,0.0,0.0
2026-02-09 00:00:00-05:00,404.8500061035156,414.8900146484375,400.8699951171875,413.6000061035156,412.65814208984375,45480500,0.0,0.0
2026-02-10 00:00:00-05:00,419.6199951171875,423.67999267578125,412.70001220703125,413.2699890136719,412.328857421875,44857900,0.0,0.0
2026-02-11 00:00:00-05:00,416.17999267578125,416.4599914550781,401.010009765625,404.3699951171875,403.4491271972656,42491000,0.0,0.0
2026-02-12 00:00:00-05:00,405.0,406.20001220703125,398.010009765625,401.8399963378906,400.9248962402344,40802400,0.0,0.0
2026-02-13 00:00:00-05:00,404.45001220703125,405.5400085449219,398.04998779296875,401.32000732421875,400.4060974121094,34091600,0.0,0.0
2026-02-17 00:00:00-05:00,399.2200012207031,400.5199890136719,394.5299987792969,396.8599853515625,395.95623779296875,32078800,0.0,0.0
2026-02-18 00:00:00-05:00,398.1300048828125,402.55999755859375,396.32000732421875,399.6000061035156,398.69000244140625,23223400,0.0,0.0
2026-02-19 00:00:00-05:00,400.69000244140625,404.42999267578125,396.6700134277344,398.4599914550781,398.4599914550781,28234000,0.91,0.0
2026-02-20 00:00:00-05:00,396.1099853515625,400.1199951171875,395.1600036621094,397.2300109863281,397.2300109863281,34015200,0.0,0.0
2026-02-23 00:00:00-05:00,395.0,395.3599853515625,383.1000061035156,384.4700012207031,384.4700012207031,43238300,0.0,0.0
2026-02-24 00:00:00-05:00,384.1400146484375,389.3599853515625,381.7099914550781,389.0,389.0,33884700,0.0,0.0
2026-02-25 00:00:00-05:00,390.5299987792969,401.4700012207031,390.1600036621094,400.6000061035156,400.6000061035156,43625500,0.0,0.0
2026-02-26 00:00:00-05:00,404.7099914550781,407.489990234375,398.739990234375,401.7200012207031,401.7200012207031,34405900,0.0,0.0
2026-02-27 00:00:00-05:00,390.8800048828125,396.82000732421875,389.8800048828125,392.739990234375,392.739990234375,51367200,0.0,0.0
2026-03-02 00:00:00-05:00,392.8599853515625,401.19000244140625,390.6300048828125,398.54998779296875,398.54998779296875,35474900,0.0,0.0
2026-03-03 00:00:00-05:00,393.1400146484375,406.70001220703125,392.6700134277344,403.92999267578125,403.92999267578125,38199200,0.0,0.0
2026-03-04 00:00:00-05:00,401.2699890136719,411.0299987792969,400.30999755859375,405.20001220703125,405.20001220703125,35808000,0.0,0.0
2026-03-05 00:00:00-05:00,404.4200134277344,411.6099853515625,404.3999938964844,410.67999267578125,410.67999267578125,39001300,0.0,0.0
2026-03-06 00:00:00-05:00,409.20001220703125,413.04998779296875,408.510009765625,408.9599914550781,408.9599914550781,31123900,0.0,0.0
2026-03-09 00:00:00-04:00,404.9200134277344,410.2099914550781,403.5,409.4100036621094,409.4100036621094,30131900,0.0,0.0
2026-03-10 00:00:00-04:00,410.0299987792969,410.20001220703125,402.92999267578125,405.760009765625,405.760009765625,31706400,0.0,0.0
2026-03-11 00:00:00-04:00,405.57000732421875,409.010009765625,401.5899963378906,404.8800048828125,404.8800048828125,25512100,0.0,0.0
2026-03-12 00:00:00-04:00,404.6300048828125,406.1199951171875,401.7099914550781,401.8599853515625,401.8599853515625,27263900,0.0,0.0
2026-03-13 00:00:00-04:00,401.0,404.79998779296875,394.25,395.54998779296875,395.54998779296875,26848000,0.0,0.0
2026-03-16 00:00:00-04:00,398.07000732421875,400.6300048828125,394.7900085449219,399.95001220703125,399.95001220703125,27733700,0.0,0.0
2026-03-17 00:00:00-04:00,400.2699890136719,404.3999938964844,397.75,399.4100036621094,399.4100036621094,26228300,0.0,0.0
2026-03-18 00:00:00-04:00,397.1300048828125,398.0,391.0,391.7900085449219,391.7900085449219,25908500,0.0,0.0
2026-03-19 00:00:00-04:00,390.1000061035156,392.489990234375,387.05999755859375,389.0199890136719,389.0199890136719,25138800,0.0,0.0
2026-03-20 00:00:00-04:00,386.7900085449219,387.0,380.1199951171875,381.8699951171875,381.8699951171875,50853200,0.0,0.0
2026-03-23 00:00:00-04:00,383.8999938964844,387.2099914550781,381.67999267578125,383.0,383.0,29680100,0.0,0.0
2026-03-24 00:00:00-04:00,382.3599853515625,382.4700012207031,371.8500061035156,372.739990234375,372.739990234375,42733600,0.0,0.0
2026-03-25 00:00:00-04:00,376.9200134277344,377.05999755859375,369.6300048828125,371.0400085449219,371.0400085449219,31181200,0.0,0.0
2026-03-26 00:00:00-04:00,370.82000732421875,374.7200012207031,365.19000244140625,365.9700012207031,365.9700012207031,36836600,0.0,0.0
2026-03-27 00:00:00-04:00,361.8999938964844,362.45001220703125,356.510009765625,356.7699890136719,356.7699890136719,37883400,0.0,0.0
2026-03-30 00:00:00-04:00,361.8999938964844,365.3599853515625,356.2799987792969,358.9599914550781,358.9599914550781,44797000,0.0,0.0
2026-03-31 00:00:00-04:00,364.54998779296875,372.8999938964844,363.07000732421875,370.1700134277344,370.1700134277344,45244400,0.0,0.0
2026-04-01 00:00:00-04:00,373.489990234375,373.989990234375,368.20001220703125,369.3699951171875,369.3699951171875,29417200,0.0,0.0
2026-04-02 00:00:00-04:00,367.2099914550781,373.6400146484375,364.1499938964844,373.4599914550781,373.4599914550781,24099100,0.0,0.0
2026-04-06 00:00:00-04:00,373.4599914550781,373.7300109863281,369.50140380859375,372.32000732421875,372.32000732421875,3130483,0.0,0.0
